-- phpMyAdmin SQL Dump
-- version 5.2.1
-- https://www.phpmyadmin.net/
--
-- Host: 127.0.0.1
-- Generation Time: May 13, 2024 at 01:55 AM
-- Server version: 10.4.32-MariaDB
-- PHP Version: 8.0.30

SET SQL_MODE = "NO_AUTO_VALUE_ON_ZERO";
START TRANSACTION;
SET time_zone = "+00:00";


/*!40101 SET @OLD_CHARACTER_SET_CLIENT=@@CHARACTER_SET_CLIENT */;
/*!40101 SET @OLD_CHARACTER_SET_RESULTS=@@CHARACTER_SET_RESULTS */;
/*!40101 SET @OLD_COLLATION_CONNECTION=@@COLLATION_CONNECTION */;
/*!40101 SET NAMES utf8mb4 */;

--
-- Database: `highendshop`
--

-- --------------------------------------------------------

--
-- Table structure for table `atributes`
--

CREATE TABLE `atributes` (
  `id` bigint(20) UNSIGNED NOT NULL,
  `product_type_id` varchar(255) DEFAULT NULL,
  `color_id` varchar(255) DEFAULT NULL,
  `price` varchar(255) DEFAULT NULL,
  `created_at` timestamp NULL DEFAULT NULL,
  `updated_at` timestamp NULL DEFAULT NULL
) ENGINE=InnoDB DEFAULT CHARSET=utf8mb4 COLLATE=utf8mb4_unicode_ci;

--
-- Dumping data for table `atributes`
--

INSERT INTO `atributes` (`id`, `product_type_id`, `color_id`, `price`, `created_at`, `updated_at`) VALUES
(1, '1', '1', '29990000', '2024-04-17 20:30:48', '2024-05-02 19:35:52'),
(2, '2', '2', '19490000', '2024-04-30 06:53:36', '2024-05-02 21:01:30'),
(3, '3', '1', '36590000', '2024-05-02 16:36:40', '2024-05-02 19:36:27'),
(4, '1', '3', '29990000', '2024-05-02 19:35:52', '2024-05-02 19:35:52'),
(5, '1', '4', '29990000', '2024-05-02 19:35:52', '2024-05-02 19:35:52'),
(6, '1', '5', '29990000', '2024-05-02 19:35:52', '2024-05-02 19:35:52'),
(7, '3', '3', '36590000', '2024-05-02 19:36:27', '2024-05-02 19:36:27'),
(8, '3', '4', '36590000', '2024-05-02 19:36:27', '2024-05-02 19:36:27'),
(9, '3', '5', '36590000', '2024-05-02 19:36:27', '2024-05-02 19:36:27'),
(10, '2', '6', '19490000', '2024-05-02 21:01:30', '2024-05-02 21:01:30'),
(11, '4', '6', '22990000', '2024-05-02 21:02:09', '2024-05-02 21:02:09'),
(12, '4', '2', '22990000', '2024-05-02 21:03:28', '2024-05-02 21:03:28'),
(13, '5', '7', '24990000', '2024-05-02 21:08:41', '2024-05-02 21:08:41'),
(14, '5', '8', '24990000', '2024-05-02 21:08:41', '2024-05-02 21:08:41'),
(15, '5', '9', '24990000', '2024-05-02 21:08:41', '2024-05-02 21:08:41'),
(16, '6', '7', '27790000', '2024-05-02 21:10:00', '2024-05-02 21:10:00'),
(17, '6', '8', '27790000', '2024-05-02 21:10:00', '2024-05-02 21:10:00'),
(18, '6', '9', '27790000', '2024-05-02 21:10:00', '2024-05-02 21:10:00'),
(19, '7', '7', '34590000', '2024-05-02 21:10:36', '2024-05-02 21:10:36'),
(20, '7', '8', '34590000', '2024-05-02 21:10:36', '2024-05-02 21:10:36'),
(21, '7', '9', '34590000', '2024-05-02 21:10:36', '2024-05-02 21:10:36'),
(22, '8', '10', '27390000', '2024-05-02 21:12:43', '2024-05-02 21:12:43'),
(23, '9', '10', '28990000', '2024-05-02 21:13:07', '2024-05-02 21:13:07'),
(24, '10', '10', '35990000', '2024-05-02 21:13:38', '2024-05-02 21:13:38'),
(25, '11', '11', '27990000', '2024-05-02 21:19:44', '2024-05-02 21:19:44'),
(26, '12', '12', '27990000', '2024-05-02 21:22:27', '2024-05-02 21:22:27'),
(27, '13', '13', '24990000', '2024-05-02 21:24:37', '2024-05-02 21:24:37'),
(28, '14', '14', '24690000', '2024-05-03 14:50:02', '2024-05-03 14:50:02'),
(29, '15', '14', '41290000', '2024-05-03 14:50:35', '2024-05-03 14:50:35'),
(30, '16', '15', '13390000', '2024-05-03 14:51:58', '2024-05-03 14:51:58'),
(31, '17', '15', '17690000', '2024-05-03 14:52:36', '2024-05-03 14:52:36'),
(32, '18', '16', '13890000', '2024-05-03 14:59:15', '2024-05-03 14:59:15'),
(33, '19', '16', '17090000', '2024-05-03 14:59:48', '2024-05-03 14:59:48'),
(34, '20', '17', '24900000', '2024-05-03 15:19:34', '2024-05-03 15:19:34'),
(35, '21', '18', '29990000', '2024-05-03 15:22:49', '2024-05-03 15:22:49'),
(36, '22', '19', '21990000', '2024-05-03 15:24:47', '2024-05-03 15:24:47'),
(37, '23', '20', '36990000', '2024-05-03 15:26:20', '2024-05-03 15:26:20'),
(38, '24', '21', '4990000', '2024-05-03 15:29:59', '2024-05-03 15:29:59'),
(39, '25', '22', '3490000', '2024-05-03 15:31:40', '2024-05-03 15:31:40'),
(40, '26', '23', '2490000', '2024-05-03 15:33:34', '2024-05-03 15:33:34'),
(41, '27', '24', '21490000', '2024-05-03 15:34:43', '2024-05-03 15:34:43');

-- --------------------------------------------------------

--
-- Table structure for table `carts`
--

CREATE TABLE `carts` (
  `id` bigint(20) UNSIGNED NOT NULL,
  `user_id` varchar(255) NOT NULL,
  `product_type_id` varchar(255) NOT NULL,
  `color_id` int(11) DEFAULT NULL,
  `quantity` varchar(255) NOT NULL,
  `price` varchar(255) NOT NULL,
  `total` varchar(255) NOT NULL,
  `order_id` varchar(255) DEFAULT NULL,
  `created_at` timestamp NULL DEFAULT NULL,
  `updated_at` timestamp NULL DEFAULT NULL
) ENGINE=InnoDB DEFAULT CHARSET=utf8mb4 COLLATE=utf8mb4_unicode_ci;

--
-- Dumping data for table `carts`
--

INSERT INTO `carts` (`id`, `user_id`, `product_type_id`, `color_id`, `quantity`, `price`, `total`, `order_id`, `created_at`, `updated_at`) VALUES
(1, '37', '15', 11, '3', '653996820', '62828886', '22', NULL, NULL),
(2, '35', '6', 8, '2', '724824266', '20350705', '73', NULL, NULL),
(3, '43', '18', 8, '1', '475991306', '43403616', '75', NULL, NULL),
(4, '19', '18', 19, '4', '329700153', '7149010', '74', NULL, NULL),
(5, '10', '15', 23, '3', '240469419', '22793726', '53', NULL, NULL),
(6, '11', '26', 7, '2', '808136850', '66154066', '90', NULL, NULL),
(7, '3', '13', 17, '4', '754973670', '98936323', '21', NULL, NULL),
(8, '44', '17', 22, '3', '672075505', '53082740', '39', NULL, NULL),
(9, '33', '15', 17, '3', '450959270', '35507196', '47', NULL, NULL),
(10, '42', '12', 2, '3', '799437468', '1012424', '1', NULL, NULL),
(11, '42', '7', 15, '3', '796592807', '20258606', '57', NULL, NULL),
(12, '48', '10', 15, '1', '829923864', '30300062', '63', NULL, NULL),
(13, '34', '23', 22, '2', '285811307', '7690102', '62', NULL, NULL),
(14, '22', '16', 8, '4', '941847473', '14443924', '82', NULL, NULL),
(15, '35', '14', 11, '2', '541959540', '53983151', '97', NULL, NULL),
(16, '44', '15', 12, '4', '598018522', '55417649', '20', NULL, NULL),
(17, '25', '2', 7, '2', '739895522', '98751196', '62', NULL, NULL),
(18, '28', '15', 9, '2', '563688464', '42705809', '98', NULL, NULL),
(19, '7', '6', 20, '2', '742523513', '65332014', '86', NULL, NULL),
(20, '47', '5', 11, '3', '114350866', '49594348', '80', NULL, NULL),
(21, '11', '11', 11, '2', '11141609', '85474273', '82', NULL, NULL),
(22, '9', '25', 12, '3', '279652605', '85910612', '33', NULL, NULL),
(23, '11', '18', 21, '1', '883605509', '32859517', '5', NULL, NULL),
(24, '45', '20', 18, '4', '872189450', '29610040', '36', NULL, NULL),
(25, '40', '16', 6, '2', '810755278', '16984305', '94', NULL, NULL),
(26, '48', '26', 23, '2', '250714759', '16443614', '51', NULL, NULL),
(27, '46', '17', 2, '1', '871764518', '87720390', '10', NULL, NULL),
(28, '7', '10', 18, '2', '51684400', '87631922', '13', NULL, NULL),
(29, '8', '26', 13, '2', '714426771', '41512138', '23', NULL, NULL),
(30, '25', '8', 14, '3', '124404421', '59872256', '56', NULL, NULL),
(31, '33', '3', 12, '3', '560701489', '10421061', '29', NULL, NULL),
(32, '9', '24', 5, '4', '798031493', '14251727', '96', NULL, NULL),
(33, '26', '3', 19, '2', '816984932', '31461', '72', NULL, NULL),
(34, '39', '19', 9, '3', '194924173', '95595187', '50', NULL, NULL),
(35, '28', '24', 9, '2', '788767421', '86058329', '23', NULL, NULL),
(36, '41', '25', 7, '1', '915506294', '89047693', '98', NULL, NULL),
(37, '46', '21', 3, '1', '626493486', '68949999', '29', NULL, NULL),
(38, '6', '1', 18, '4', '614092656', '17781113', '14', NULL, NULL),
(39, '27', '26', 14, '3', '636909671', '90410617', '84', NULL, NULL),
(40, '50', '27', 14, '2', '123793712', '48475366', '98', NULL, NULL),
(41, '31', '4', 19, '1', '30779426', '11713475', '94', NULL, NULL),
(42, '18', '24', 16, '2', '204665131', '63628333', '83', NULL, NULL),
(43, '10', '23', 21, '2', '508530897', '79926393', '77', NULL, NULL),
(44, '10', '14', 23, '3', '555026238', '85816051', '7', NULL, NULL),
(45, '45', '3', 7, '4', '64239063', '60825079', '45', NULL, NULL),
(46, '16', '9', 18, '4', '820909897', '2356640', '15', NULL, NULL),
(47, '1', '21', 15, '1', '749957547', '76050337', '12', NULL, NULL),
(48, '26', '12', 16, '4', '957968619', '69662479', '13', NULL, NULL),
(49, '40', '8', 1, '3', '978437312', '14422615', '92', NULL, NULL),
(50, '4', '5', 11, '3', '456447319', '50406490', '33', NULL, NULL),
(51, '19', '9', 6, '3', '336292102', '83731822', '10', NULL, NULL),
(52, '6', '1', 15, '4', '895271018', '31940225', '15', NULL, NULL),
(53, '27', '17', 9, '1', '937306951', '82892366', '28', NULL, NULL),
(54, '45', '6', 8, '1', '634251184', '91116524', '27', NULL, NULL),
(55, '2', '26', 24, '4', '510540172', '89404722', '98', NULL, NULL),
(56, '23', '8', 11, '1', '802206265', '18307863', '73', NULL, NULL),
(57, '5', '3', 1, '4', '86567375', '77171063', '3', NULL, NULL),
(58, '1', '18', 3, '4', '597862549', '57400864', '43', NULL, NULL),
(59, '28', '7', 20, '4', '209227656', '3309591', '73', NULL, NULL),
(60, '36', '1', 22, '4', '328045928', '26679893', '68', NULL, NULL),
(61, '42', '23', 13, '3', '707230969', '7698518', '36', NULL, NULL),
(62, '15', '23', 9, '4', '335388666', '73358238', '29', NULL, NULL),
(63, '49', '11', 19, '1', '547647920', '97006448', '68', NULL, NULL),
(64, '30', '4', 24, '2', '58729554', '91999762', '89', NULL, NULL),
(65, '10', '21', 23, '1', '334473116', '79231254', '36', NULL, NULL),
(66, '22', '4', 11, '3', '164856869', '72517044', '45', NULL, NULL),
(67, '39', '26', 2, '2', '289025523', '43487886', '25', NULL, NULL),
(68, '49', '12', 21, '3', '145716986', '79697709', '67', NULL, NULL),
(69, '9', '6', 10, '1', '924879914', '77994834', '28', NULL, NULL),
(70, '8', '1', 3, '1', '468780457', '34518643', '86', NULL, NULL),
(71, '28', '7', 12, '3', '537497958', '1621187', '12', NULL, NULL),
(72, '25', '16', 14, '2', '434997671', '32469601', '25', NULL, NULL),
(73, '16', '20', 15, '2', '570819963', '27097877', '42', NULL, NULL),
(74, '35', '20', 18, '1', '933677889', '40883766', '70', NULL, NULL),
(75, '33', '18', 2, '4', '197605759', '41949443', '81', NULL, NULL),
(76, '21', '6', 13, '4', '892324262', '76347922', '52', NULL, NULL),
(77, '6', '16', 2, '4', '625016210', '69849484', '37', NULL, NULL),
(78, '27', '27', 15, '1', '960438047', '11304813', '56', NULL, NULL),
(79, '20', '19', 19, '3', '140512595', '43755887', '73', NULL, NULL),
(80, '13', '9', 9, '3', '756833375', '60061497', '36', NULL, NULL),
(81, '33', '26', 15, '1', '369707600', '24983528', '13', NULL, NULL),
(82, '14', '5', 21, '3', '872043509', '90366908', '75', NULL, NULL),
(83, '25', '11', 17, '2', '106019309', '87584227', '6', NULL, NULL),
(84, '40', '17', 23, '1', '509925879', '52734265', '51', NULL, NULL),
(85, '18', '1', 14, '1', '795112368', '35551835', '37', NULL, NULL),
(86, '7', '21', 10, '1', '145050906', '47445107', '5', NULL, NULL),
(87, '24', '25', 12, '4', '621210784', '73791168', '98', NULL, NULL),
(88, '3', '25', 9, '3', '728911241', '84011571', '29', NULL, NULL),
(89, '14', '17', 23, '4', '220789207', '33002607', '1', NULL, NULL),
(90, '15', '16', 19, '4', '104359659', '46899126', '47', NULL, NULL),
(91, '32', '7', 13, '3', '35758113', '96372045', '56', NULL, NULL),
(92, '2', '8', 6, '2', '17163763', '97655021', '33', NULL, NULL),
(93, '50', '10', 20, '3', '946825364', '90595560', '64', NULL, NULL),
(94, '36', '3', 21, '4', '335864363', '21545484', '55', NULL, NULL),
(95, '12', '2', 15, '2', '930638649', '51329302', '5', NULL, NULL),
(96, '22', '6', 24, '4', '707670308', '77067524', '25', NULL, NULL),
(97, '24', '19', 24, '1', '386428497', '41493466', '33', NULL, NULL),
(98, '4', '27', 2, '1', '88592460', '98138547', '28', NULL, NULL),
(99, '2', '12', 10, '4', '318364857', '78416262', '37', NULL, NULL),
(100, '36', '11', 8, '1', '769599582', '30692326', '50', NULL, NULL),
(101, '37', '6', 14, '4', '363873565', '18157206', '30', NULL, NULL),
(102, '12', '20', 2, '3', '329745021', '77912152', '95', NULL, NULL),
(103, '20', '13', 8, '2', '976292191', '16669759', '33', NULL, NULL),
(104, '49', '2', 9, '3', '436234599', '17498809', '14', NULL, NULL),
(105, '26', '4', 10, '1', '534476849', '37214327', '42', NULL, NULL),
(106, '38', '4', 14, '4', '854110105', '45296509', '23', NULL, NULL),
(107, '21', '10', 22, '2', '85088093', '29541442', '2', NULL, NULL),
(108, '30', '21', 11, '1', '402883563', '88779551', '81', NULL, NULL),
(109, '19', '9', 20, '1', '404714698', '75258087', '9', NULL, NULL),
(110, '24', '14', 7, '4', '605296112', '29985721', '22', NULL, NULL),
(111, '47', '27', 16, '2', '398008679', '13345834', '23', NULL, NULL),
(112, '40', '25', 5, '1', '845911983', '35320169', '36', NULL, NULL),
(113, '13', '15', 6, '1', '157872300', '2689179', '94', NULL, NULL),
(114, '31', '5', 13, '1', '755923925', '99893867', '81', NULL, NULL),
(115, '33', '27', 17, '3', '776174365', '1125605', '64', NULL, NULL),
(116, '3', '8', 3, '2', '358231790', '15027588', '91', NULL, NULL),
(117, '40', '10', 13, '2', '172445092', '86254187', '82', NULL, NULL),
(118, '33', '26', 18, '1', '685290095', '32939374', '32', NULL, NULL),
(119, '7', '5', 16, '3', '891880665', '25778106', '45', NULL, NULL),
(120, '47', '13', 7, '4', '118492666', '57026966', '4', NULL, NULL),
(121, '24', '25', 9, '2', '229682689', '11541121', '16', NULL, NULL),
(122, '2', '3', 10, '3', '437815147', '37278819', '53', NULL, NULL),
(123, '42', '16', 7, '2', '705049020', '51978793', '51', NULL, NULL),
(124, '19', '7', 8, '3', '348946232', '99364247', '42', NULL, NULL),
(125, '22', '26', 11, '1', '352507818', '50375829', '98', NULL, NULL),
(126, '33', '22', 15, '3', '852011246', '78596434', '67', NULL, NULL),
(127, '48', '12', 4, '3', '947433786', '32237376', '6', NULL, NULL),
(128, '38', '10', 2, '2', '339217873', '1706314', '50', NULL, NULL),
(129, '3', '19', 2, '4', '574260488', '37467461', '49', NULL, NULL),
(130, '44', '13', 13, '2', '169523638', '3892780', '5', NULL, NULL),
(131, '20', '21', 16, '3', '162467948', '94796315', '31', NULL, NULL),
(132, '42', '11', 13, '1', '672253589', '24618291', '67', NULL, NULL),
(133, '6', '24', 5, '1', '100673106', '83090051', '46', NULL, NULL),
(134, '47', '13', 6, '2', '512506090', '30199928', '30', NULL, NULL),
(135, '11', '13', 10, '1', '229427483', '56281821', '82', NULL, NULL),
(136, '17', '19', 18, '3', '394252920', '21428562', '19', NULL, NULL),
(137, '46', '5', 20, '3', '6047069', '90103834', '93', NULL, NULL),
(138, '18', '20', 6, '2', '28859043', '11666338', '59', NULL, NULL),
(139, '25', '20', 22, '3', '546100604', '83619850', '64', NULL, NULL),
(140, '33', '6', 16, '3', '947878007', '31514136', '75', NULL, NULL),
(141, '2', '3', 1, '1', '253212488', '19745388', '65', NULL, NULL),
(142, '42', '24', 1, '1', '135554658', '7062690', '67', NULL, NULL),
(143, '22', '7', 7, '4', '12295501', '12321213', '85', NULL, NULL),
(144, '15', '13', 9, '1', '869931578', '61652702', '49', NULL, NULL),
(145, '48', '7', 3, '1', '741943844', '29542919', '98', NULL, NULL),
(146, '45', '25', 24, '4', '861748353', '82417578', '85', NULL, NULL),
(147, '10', '25', 17, '2', '57715722', '93851621', '48', NULL, NULL),
(148, '43', '23', 9, '2', '698225227', '20320894', '49', NULL, NULL),
(149, '37', '26', 20, '4', '108943242', '93523769', '17', NULL, NULL),
(150, '21', '6', 22, '2', '599475902', '65225833', '41', NULL, NULL),
(151, '23', '5', 10, '4', '491291969', '45347696', '16', NULL, NULL),
(152, '18', '12', 12, '3', '587327072', '48440569', '21', NULL, NULL),
(153, '31', '12', 24, '3', '720704388', '53294564', '56', NULL, NULL),
(154, '44', '3', 3, '4', '624773261', '27939067', '93', NULL, NULL),
(155, '12', '5', 20, '2', '522564261', '93587012', '59', NULL, NULL),
(156, '45', '25', 12, '2', '734733356', '66740790', '69', NULL, NULL),
(157, '40', '14', 10, '2', '457171921', '60514400', '45', NULL, NULL),
(158, '14', '3', 21, '4', '649854998', '34765876', '96', NULL, NULL),
(159, '39', '2', 14, '4', '421827139', '83110403', '75', NULL, NULL),
(160, '16', '27', 1, '2', '434385394', '30644385', '47', NULL, NULL),
(161, '20', '18', 10, '4', '413289505', '98432518', '36', NULL, NULL),
(162, '32', '9', 14, '4', '660906297', '1019506', '28', NULL, NULL),
(163, '29', '9', 13, '2', '468357834', '70724859', '64', NULL, NULL),
(164, '8', '17', 1, '2', '436267387', '18415851', '46', NULL, NULL),
(165, '48', '8', 3, '4', '321302792', '7303131', '3', NULL, NULL),
(166, '27', '25', 3, '2', '277317867', '90502325', '42', NULL, NULL),
(167, '4', '10', 21, '3', '651413117', '51184945', '3', NULL, NULL),
(168, '38', '26', 9, '3', '139035413', '2262891', '7', NULL, NULL),
(169, '7', '4', 4, '2', '495433420', '25086159', '42', NULL, NULL),
(170, '34', '15', 2, '4', '645878833', '89259570', '69', NULL, NULL),
(171, '36', '20', 12, '1', '640122986', '57813098', '52', NULL, NULL),
(172, '40', '27', 24, '3', '693707582', '30209999', '28', NULL, NULL),
(173, '12', '14', 21, '4', '125766466', '22343938', '81', NULL, NULL),
(174, '5', '3', 1, '1', '878062809', '90108094', '39', NULL, NULL),
(175, '22', '17', 2, '1', '123366357', '40087282', '87', NULL, NULL),
(176, '33', '15', 21, '3', '139066018', '85524221', '75', NULL, NULL),
(177, '37', '5', 23, '4', '733265154', '23374983', '100', NULL, NULL),
(178, '46', '20', 16, '3', '127361839', '60835840', '34', NULL, NULL),
(179, '47', '19', 7, '1', '520003908', '76907287', '23', NULL, NULL),
(180, '42', '13', 4, '4', '873638034', '88289435', '14', NULL, NULL),
(181, '6', '6', 24, '2', '200390430', '56718392', '27', NULL, NULL),
(182, '18', '8', 8, '2', '577523699', '39116251', '72', NULL, NULL),
(183, '20', '12', 24, '1', '43209195', '503369', '20', NULL, NULL),
(184, '37', '9', 20, '4', '604725933', '71402038', '21', NULL, NULL),
(185, '24', '13', 24, '3', '631297829', '2427055', '100', NULL, NULL),
(186, '20', '2', 3, '2', '349786851', '38862731', '32', NULL, NULL),
(187, '48', '8', 20, '4', '194806026', '6965225', '95', NULL, NULL),
(188, '8', '26', 13, '4', '985161725', '8290430', '15', NULL, NULL),
(189, '2', '10', 13, '2', '879892687', '81435431', '37', NULL, NULL),
(190, '43', '27', 18, '3', '926003604', '49136895', '21', NULL, NULL),
(191, '20', '19', 23, '3', '613325818', '49759183', '98', NULL, NULL),
(192, '32', '6', 5, '2', '154390390', '39058325', '27', NULL, NULL),
(193, '26', '16', 15, '3', '874770257', '22425721', '50', NULL, NULL),
(194, '25', '26', 8, '4', '129039175', '96708881', '83', NULL, NULL),
(195, '12', '5', 6, '4', '846329765', '17628107', '99', NULL, NULL),
(196, '9', '14', 2, '1', '477561435', '47288492', '53', NULL, NULL),
(197, '26', '18', 6, '4', '711925255', '79817939', '79', NULL, NULL),
(198, '48', '3', 1, '3', '709216208', '39234758', '62', NULL, NULL),
(199, '39', '27', 12, '2', '219272273', '28312001', '62', NULL, NULL),
(200, '31', '17', 21, '4', '357020333', '93957403', '26', NULL, NULL),
(201, '50', '22', 13, '2', '165338158', '64323235', '28', NULL, NULL),
(202, '12', '14', 20, '2', '756225314', '31730117', '40', NULL, NULL),
(203, '43', '20', 2, '3', '819792355', '39536899', '88', NULL, NULL),
(204, '48', '16', 24, '1', '896841937', '38419130', '99', NULL, NULL),
(205, '23', '5', 1, '4', '36460812', '78525748', '11', NULL, NULL),
(206, '19', '12', 2, '3', '515837260', '80867413', '45', NULL, NULL),
(207, '24', '18', 1, '4', '424885110', '4478681', '3', NULL, NULL),
(208, '36', '14', 6, '1', '64503748', '89149162', '18', NULL, NULL),
(209, '39', '17', 24, '4', '329255277', '44369390', '24', NULL, NULL),
(210, '28', '19', 5, '1', '983264688', '40910216', '86', NULL, NULL),
(211, '24', '12', 5, '4', '885749394', '93629528', '25', NULL, NULL),
(212, '13', '20', 12, '4', '207466917', '77145906', '85', NULL, NULL),
(213, '31', '25', 14, '2', '348320000', '43164317', '92', NULL, NULL),
(214, '27', '21', 19, '3', '431406872', '96883461', '17', NULL, NULL),
(215, '2', '24', 9, '4', '78137624', '68403015', '86', NULL, NULL),
(216, '7', '6', 12, '2', '891434020', '66981863', '73', NULL, NULL),
(217, '11', '8', 22, '1', '739124262', '5546736', '21', NULL, NULL),
(218, '2', '14', 1, '3', '313206790', '53880999', '80', NULL, NULL),
(219, '45', '2', 22, '2', '785379799', '10721839', '41', NULL, NULL),
(220, '9', '9', 17, '2', '766652624', '91594091', '48', NULL, NULL),
(221, '28', '6', 17, '3', '645139974', '23672510', '60', NULL, NULL),
(222, '14', '27', 17, '3', '409382794', '54615433', '66', NULL, NULL),
(223, '18', '11', 10, '2', '442805643', '72926949', '65', NULL, NULL),
(224, '14', '18', 22, '2', '798681771', '98989154', '37', NULL, NULL),
(225, '2', '17', 12, '2', '738184403', '90513552', '78', NULL, NULL),
(226, '13', '1', 22, '3', '224686363', '50995674', '44', NULL, NULL),
(227, '35', '13', 2, '2', '282140155', '18763357', '8', NULL, NULL),
(228, '12', '23', 11, '2', '306321763', '37767497', '20', NULL, NULL),
(229, '31', '5', 12, '3', '736084752', '91170929', '37', NULL, NULL),
(230, '15', '11', 21, '1', '543493649', '88784088', '41', NULL, NULL),
(231, '16', '11', 4, '4', '356890141', '24817062', '97', NULL, NULL),
(232, '16', '21', 3, '2', '576762576', '68066823', '10', NULL, NULL),
(233, '28', '17', 16, '3', '997506914', '59418818', '45', NULL, NULL),
(234, '32', '14', 8, '3', '184044902', '31660926', '99', NULL, NULL),
(235, '50', '19', 9, '4', '481239246', '62896079', '33', NULL, NULL),
(236, '38', '13', 5, '2', '194144355', '1933572', '48', NULL, NULL),
(237, '13', '17', 9, '3', '249181382', '21408549', '67', NULL, NULL),
(238, '38', '5', 10, '4', '489094997', '28404375', '68', NULL, NULL),
(239, '1', '20', 9, '3', '743974890', '58177503', '8', NULL, NULL),
(240, '42', '7', 23, '4', '493709159', '30968042', '37', NULL, NULL),
(241, '18', '13', 5, '2', '161168661', '70502785', '89', NULL, NULL),
(242, '29', '24', 6, '4', '636502647', '7510977', '88', NULL, NULL),
(243, '2', '6', 1, '4', '826963815', '9942487', '71', NULL, NULL),
(244, '8', '22', 4, '2', '847227869', '24499325', '73', NULL, NULL),
(245, '49', '12', 9, '4', '798760683', '27946652', '91', NULL, NULL),
(246, '14', '4', 16, '3', '413398825', '60747098', '22', NULL, NULL),
(247, '9', '12', 23, '1', '353763364', '11281026', '15', NULL, NULL),
(248, '47', '4', 20, '2', '223988210', '76861653', '94', NULL, NULL),
(249, '9', '3', 1, '4', '371479748', '69266222', '89', NULL, NULL),
(250, '33', '21', 2, '3', '227524612', '27662943', '35', NULL, NULL),
(251, '15', '9', 11, '3', '289713429', '46847211', '98', NULL, NULL),
(252, '10', '21', 7, '4', '774284400', '52359926', '18', NULL, NULL),
(253, '1', '22', 1, '4', '430166823', '2698054', '54', NULL, NULL),
(254, '38', '3', 14, '4', '631110061', '65281931', '90', NULL, NULL),
(255, '23', '9', 9, '3', '856662006', '583746', '92', NULL, NULL),
(256, '19', '21', 20, '3', '280228738', '68510965', '82', NULL, NULL),
(257, '18', '15', 23, '3', '241222342', '38299006', '86', NULL, NULL),
(258, '37', '10', 13, '2', '429194565', '57004581', '29', NULL, NULL),
(259, '25', '13', 6, '2', '804066018', '79983987', '19', NULL, NULL),
(260, '3', '11', 19, '3', '231940977', '92931050', '13', NULL, NULL),
(261, '27', '6', 18, '4', '267140608', '92648989', '71', NULL, NULL),
(262, '43', '12', 19, '2', '533981704', '94539591', '90', NULL, NULL),
(263, '46', '25', 11, '1', '584251869', '45136662', '58', NULL, NULL),
(264, '37', '13', 22, '1', '676220246', '58860723', '45', NULL, NULL),
(265, '15', '6', 19, '2', '252111342', '8464789', '21', NULL, NULL),
(266, '9', '23', 12, '1', '16048740', '99115629', '75', NULL, NULL),
(267, '43', '23', 9, '4', '161104918', '98473005', '41', NULL, NULL),
(268, '22', '17', 13, '3', '966292998', '58987782', '28', NULL, NULL),
(269, '9', '16', 17, '4', '604278599', '90674324', '36', NULL, NULL),
(270, '48', '25', 17, '1', '784798914', '7544901', '72', NULL, NULL),
(271, '28', '16', 12, '1', '609629416', '98672454', '89', NULL, NULL),
(272, '43', '18', 20, '1', '618455235', '5748482', '35', NULL, NULL),
(273, '46', '17', 19, '4', '933995328', '28662559', '78', NULL, NULL),
(274, '36', '1', 2, '3', '741819562', '2683134', '48', NULL, NULL),
(275, '16', '19', 18, '2', '807802260', '50915387', '98', NULL, NULL),
(276, '11', '21', 20, '1', '136953829', '72551936', '95', NULL, NULL),
(277, '5', '9', 2, '3', '329181011', '86511595', '39', NULL, NULL),
(278, '29', '18', 24, '4', '460419911', '46657584', '68', NULL, NULL),
(279, '9', '1', 12, '3', '589911864', '16173559', '2', NULL, NULL),
(280, '36', '4', 17, '3', '354693220', '96433772', '16', NULL, NULL),
(281, '22', '20', 17, '4', '81682099', '84578983', '71', NULL, NULL),
(282, '24', '7', 5, '2', '316478403', '9304473', '77', NULL, NULL),
(283, '28', '27', 18, '3', '279747268', '41677278', '74', NULL, NULL),
(284, '8', '14', 18, '1', '368852227', '39275287', '40', NULL, NULL),
(285, '3', '20', 10, '4', '842502984', '29005962', '41', NULL, NULL),
(286, '37', '12', 2, '3', '490832760', '3376477', '17', NULL, NULL),
(287, '7', '6', 16, '3', '272789104', '11329433', '8', NULL, NULL),
(288, '13', '17', 5, '2', '31397984', '85975921', '11', NULL, NULL),
(289, '42', '8', 18, '2', '371074066', '42383475', '13', NULL, NULL),
(290, '1', '9', 20, '1', '409122055', '34985352', '46', NULL, NULL),
(291, '50', '16', 21, '1', '554561127', '75660597', '15', NULL, NULL),
(292, '19', '22', 21, '2', '947228689', '80994876', '70', NULL, NULL),
(293, '2', '10', 8, '3', '426960160', '66420634', '75', NULL, NULL),
(294, '40', '9', 1, '4', '30040504', '51340417', '96', NULL, NULL),
(295, '7', '13', 14, '3', '954691929', '50186220', '71', NULL, NULL),
(296, '19', '1', 10, '1', '473286029', '6685780', '20', NULL, NULL),
(297, '45', '7', 22, '2', '145207603', '49399749', '51', NULL, NULL),
(298, '15', '3', 21, '2', '108954044', '3784523', '30', NULL, NULL),
(299, '31', '25', 16, '1', '656041910', '42919541', '40', NULL, NULL),
(300, '36', '26', 14, '2', '753440788', '14262035', '70', NULL, NULL),
(301, '18', '15', 9, '1', '962686425', '91572175', '69', NULL, NULL),
(302, '41', '17', 22, '3', '649618719', '4178061', '50', NULL, NULL),
(303, '24', '1', 5, '2', '139683090', '99900767', '81', NULL, NULL),
(304, '11', '11', 2, '2', '93116348', '7483671', '4', NULL, NULL),
(305, '49', '18', 21, '1', '50190136', '57752057', '16', NULL, NULL),
(306, '16', '3', 6, '2', '58212152', '1519318', '21', NULL, NULL),
(307, '42', '14', 1, '3', '613196060', '12854115', '48', NULL, NULL),
(308, '46', '25', 6, '1', '267458801', '47453231', '27', NULL, NULL),
(309, '10', '12', 20, '4', '29295508', '25661859', '23', NULL, NULL),
(310, '43', '16', 23, '2', '924094046', '20013156', '60', NULL, NULL),
(311, '3', '1', 8, '2', '86056227', '39456866', '24', NULL, NULL),
(312, '16', '5', 8, '2', '81998812', '73373973', '27', NULL, NULL),
(313, '19', '24', 10, '3', '775308482', '60471613', '38', NULL, NULL),
(314, '42', '3', 10, '3', '310881332', '78719537', '25', NULL, NULL),
(315, '8', '2', 1, '4', '635072365', '80871167', '12', NULL, NULL),
(316, '49', '19', 6, '4', '347261906', '95782318', '86', NULL, NULL),
(317, '4', '3', 2, '1', '102926071', '31716856', '5', NULL, NULL),
(318, '45', '25', 10, '3', '878519839', '17878855', '14', NULL, NULL),
(319, '28', '2', 5, '3', '294207464', '14086772', '63', NULL, NULL),
(320, '9', '24', 10, '2', '570920950', '61919768', '70', NULL, NULL),
(321, '10', '20', 11, '1', '62930647', '34770659', '86', NULL, NULL),
(322, '28', '22', 14, '2', '666743563', '18278340', '100', NULL, NULL),
(323, '35', '1', 21, '3', '891028107', '80672056', '70', NULL, NULL),
(324, '8', '27', 23, '4', '790609086', '62125257', '28', NULL, NULL),
(325, '7', '2', 20, '3', '832196122', '63077142', '90', NULL, NULL),
(326, '15', '5', 20, '3', '838858851', '2452700', '43', NULL, NULL),
(327, '12', '7', 18, '2', '918711169', '37328276', '83', NULL, NULL),
(328, '44', '22', 15, '3', '410855025', '47435626', '58', NULL, NULL),
(329, '31', '17', 10, '3', '154829457', '17255946', '88', NULL, NULL),
(330, '19', '5', 7, '2', '432120610', '38684358', '5', NULL, NULL),
(331, '17', '20', 21, '4', '838205850', '19391657', '15', NULL, NULL),
(332, '26', '8', 10, '4', '656601026', '69464188', '97', NULL, NULL),
(333, '23', '1', 18, '3', '176323577', '21541290', '21', NULL, NULL),
(334, '34', '20', 8, '4', '6646259', '86065106', '28', NULL, NULL),
(335, '7', '17', 14, '3', '752144155', '23209117', '91', NULL, NULL),
(336, '21', '11', 16, '2', '554272116', '48361560', '16', NULL, NULL),
(337, '5', '14', 19, '3', '359458581', '82542197', '64', NULL, NULL),
(338, '13', '25', 18, '4', '833334131', '75043673', '61', NULL, NULL),
(339, '45', '3', 17, '4', '267851317', '1660564', '35', NULL, NULL),
(340, '30', '13', 14, '3', '782988329', '99391921', '10', NULL, NULL),
(341, '43', '25', 13, '4', '844094691', '23558828', '27', NULL, NULL),
(342, '44', '10', 2, '1', '937456511', '65169887', '38', NULL, NULL),
(343, '36', '23', 11, '1', '797142578', '83150826', '32', NULL, NULL),
(344, '3', '2', 17, '1', '442891699', '79890919', '77', NULL, NULL),
(345, '14', '10', 10, '1', '93326290', '58583880', '24', NULL, NULL),
(346, '41', '19', 15, '4', '408671514', '71213350', '21', NULL, NULL),
(347, '34', '7', 16, '1', '923363186', '98673157', '63', NULL, NULL),
(348, '14', '11', 10, '3', '9982912', '39288256', '50', NULL, NULL),
(349, '24', '2', 23, '3', '376601060', '73882228', '21', NULL, NULL),
(350, '23', '19', 1, '2', '811478643', '71848356', '80', NULL, NULL),
(351, '35', '22', 23, '4', '429940574', '87845039', '41', NULL, NULL),
(352, '4', '20', 9, '2', '665992718', '37656986', '34', NULL, NULL),
(353, '44', '17', 1, '1', '425931090', '87848631', '50', NULL, NULL),
(354, '47', '14', 3, '2', '11141577', '43023949', '79', NULL, NULL),
(355, '45', '19', 12, '4', '617758989', '28749693', '16', NULL, NULL),
(356, '33', '19', 1, '1', '898544365', '33061315', '13', NULL, NULL),
(357, '42', '21', 12, '1', '389515085', '82175895', '59', NULL, NULL),
(358, '1', '1', 19, '3', '281945721', '17987921', '5', NULL, NULL),
(359, '36', '15', 18, '4', '240313879', '81499533', '79', NULL, NULL),
(360, '36', '2', 21, '3', '195699652', '16832960', '17', NULL, NULL),
(361, '21', '11', 9, '4', '364717308', '29983163', '8', NULL, NULL),
(362, '25', '10', 15, '3', '910046804', '26912606', '84', NULL, NULL),
(363, '21', '26', 9, '3', '804425613', '37740271', '13', NULL, NULL),
(364, '25', '11', 22, '3', '673597592', '21773132', '3', NULL, NULL),
(365, '40', '26', 5, '2', '506147286', '97852875', '87', NULL, NULL),
(366, '21', '5', 9, '3', '563041349', '29393312', '82', NULL, NULL),
(367, '47', '9', 22, '4', '930991603', '4531900', '42', NULL, NULL),
(368, '17', '13', 3, '4', '894608996', '37703718', '51', NULL, NULL),
(369, '4', '27', 21, '1', '863350341', '80201697', '82', NULL, NULL),
(370, '11', '16', 4, '2', '502551267', '82439143', '65', NULL, NULL),
(371, '9', '2', 6, '3', '881851757', '97125370', '70', NULL, NULL),
(372, '27', '3', 6, '3', '270350736', '12380307', '3', NULL, NULL),
(373, '8', '16', 23, '1', '70926853', '33107224', '27', NULL, NULL),
(374, '18', '9', 2, '4', '746857042', '72856159', '84', NULL, NULL),
(375, '7', '17', 3, '2', '220881791', '11168020', '33', NULL, NULL),
(376, '35', '21', 13, '3', '259438225', '75945863', '63', NULL, NULL),
(377, '50', '22', 5, '3', '298588687', '65719977', '95', NULL, NULL),
(378, '14', '26', 1, '3', '695622340', '5093066', '41', NULL, NULL),
(379, '32', '27', 18, '4', '70274345', '46094400', '68', NULL, NULL),
(380, '38', '22', 9, '1', '72190888', '17359422', '2', NULL, NULL),
(381, '39', '24', 15, '1', '728711008', '3429704', '48', NULL, NULL),
(382, '35', '20', 4, '1', '224635606', '27891626', '27', NULL, NULL),
(383, '25', '22', 6, '3', '963901007', '17682723', '51', NULL, NULL),
(384, '20', '13', 24, '4', '618439724', '65300519', '33', NULL, NULL),
(385, '21', '21', 5, '4', '769953914', '36383624', '18', NULL, NULL),
(386, '9', '26', 15, '1', '466811852', '9414871', '64', NULL, NULL),
(387, '11', '11', 3, '2', '895105738', '11196627', '46', NULL, NULL),
(388, '27', '20', 16, '2', '194623313', '79641444', '6', NULL, NULL),
(389, '7', '22', 1, '2', '136235281', '52588889', '81', NULL, NULL),
(390, '3', '25', 11, '2', '365222516', '61233294', '19', NULL, NULL),
(391, '23', '1', 2, '4', '90463002', '51800827', '77', NULL, NULL),
(392, '10', '27', 1, '1', '121872210', '55641902', '58', NULL, NULL),
(393, '35', '3', 1, '1', '972001616', '32903832', '80', NULL, NULL),
(394, '3', '13', 6, '4', '525340678', '77751343', '23', NULL, NULL),
(395, '28', '4', 11, '2', '169257500', '23535552', '3', NULL, NULL),
(396, '27', '10', 9, '3', '209152509', '77846101', '52', NULL, NULL),
(397, '31', '23', 23, '2', '807112150', '40249711', '52', NULL, NULL),
(398, '28', '19', 6, '3', '14993369', '84388506', '28', NULL, NULL),
(399, '11', '11', 16, '1', '978918604', '70204408', '66', NULL, NULL),
(400, '2', '25', 1, '3', '380288649', '91923703', '18', NULL, NULL),
(401, '22', '18', 9, '4', '677428160', '10920608', '14', NULL, NULL),
(402, '2', '1', 21, '1', '489244993', '94742887', '70', NULL, NULL),
(403, '27', '21', 5, '3', '736167310', '322840', '98', NULL, NULL),
(404, '11', '20', 2, '1', '25901343', '51211269', '72', NULL, NULL),
(405, '20', '18', 15, '3', '499474566', '21532176', '72', NULL, NULL),
(406, '28', '4', 22, '1', '173682051', '90640983', '91', NULL, NULL),
(407, '37', '16', 2, '4', '303974587', '68208575', '77', NULL, NULL),
(408, '5', '7', 14, '1', '856319630', '40621630', '47', NULL, NULL),
(409, '15', '22', 7, '2', '750469710', '36805433', '36', NULL, NULL),
(410, '7', '3', 21, '3', '940519876', '26348432', '94', NULL, NULL),
(411, '29', '9', 24, '3', '269180861', '79694971', '36', NULL, NULL),
(412, '44', '7', 23, '1', '448945082', '90464978', '13', NULL, NULL),
(413, '13', '18', 16, '2', '911304663', '90204336', '34', NULL, NULL),
(414, '5', '2', 4, '1', '446165982', '71047694', '42', NULL, NULL),
(415, '23', '6', 23, '1', '858841876', '75411324', '55', NULL, NULL),
(416, '1', '5', 7, '4', '659283768', '76076889', '20', NULL, NULL),
(417, '35', '16', 15, '2', '479193252', '56171920', '53', NULL, NULL),
(418, '26', '16', 23, '1', '781966978', '22333455', '90', NULL, NULL),
(419, '17', '1', 17, '4', '94695915', '64791845', '72', NULL, NULL),
(420, '21', '1', 8, '3', '898004390', '18987291', '100', NULL, NULL),
(421, '29', '20', 1, '4', '937006537', '32001962', '44', NULL, NULL),
(422, '45', '2', 22, '1', '441005750', '10039341', '38', NULL, NULL),
(423, '7', '21', 18, '1', '878175376', '76704922', '2', NULL, NULL),
(424, '18', '13', 8, '2', '778443335', '68500113', '60', NULL, NULL),
(425, '7', '9', 17, '3', '568020352', '90817148', '45', NULL, NULL),
(426, '6', '26', 18, '3', '275373602', '17420583', '91', NULL, NULL),
(427, '13', '19', 7, '2', '302807941', '37410248', '67', NULL, NULL),
(428, '3', '7', 24, '2', '886938405', '54441779', '71', NULL, NULL),
(429, '33', '5', 1, '1', '299272003', '1249599', '47', NULL, NULL),
(430, '40', '11', 2, '2', '899079295', '10446698', '5', NULL, NULL),
(431, '13', '10', 18, '3', '823434121', '89608827', '91', NULL, NULL),
(432, '14', '7', 24, '4', '697405269', '90602268', '36', NULL, NULL),
(433, '3', '13', 13, '3', '28639637', '28655953', '15', NULL, NULL),
(434, '33', '6', 21, '1', '588993425', '23268326', '5', NULL, NULL),
(435, '9', '21', 10, '2', '682270320', '10949486', '81', NULL, NULL),
(436, '37', '2', 8, '4', '154735966', '80821021', '36', NULL, NULL),
(437, '10', '5', 20, '3', '498516963', '82318834', '14', NULL, NULL),
(438, '6', '25', 2, '3', '649946452', '26028096', '93', NULL, NULL),
(439, '7', '12', 3, '4', '731770979', '65935669', '77', NULL, NULL),
(440, '29', '20', 17, '2', '509350880', '12776047', '100', NULL, NULL),
(441, '24', '2', 14, '3', '65627081', '75452634', '65', NULL, NULL),
(442, '28', '26', 10, '2', '199278367', '8403848', '54', NULL, NULL),
(443, '45', '1', 4, '1', '791474767', '66056987', '38', NULL, NULL),
(444, '18', '23', 10, '4', '517843753', '57423439', '9', NULL, NULL),
(445, '33', '27', 19, '2', '667678954', '42591784', '78', NULL, NULL),
(446, '47', '19', 11, '4', '315893522', '74283894', '23', NULL, NULL),
(447, '36', '20', 6, '2', '493478173', '66513522', '82', NULL, NULL),
(448, '48', '12', 18, '3', '177686146', '77219714', '47', NULL, NULL),
(449, '8', '24', 1, '4', '787294455', '1224780', '84', NULL, NULL),
(450, '26', '2', 9, '3', '985664265', '38663803', '58', NULL, NULL),
(451, '29', '7', 14, '4', '343724267', '26225398', '81', NULL, NULL),
(452, '39', '20', 5, '2', '613726721', '23776394', '44', NULL, NULL),
(453, '25', '1', 12, '1', '629011679', '15860839', '92', NULL, NULL),
(454, '44', '6', 12, '4', '457548135', '10426132', '39', NULL, NULL),
(455, '49', '5', 1, '4', '262399301', '83401126', '81', NULL, NULL),
(456, '38', '11', 14, '3', '152969680', '9882945', '21', NULL, NULL),
(457, '3', '4', 21, '2', '590902997', '42708688', '19', NULL, NULL),
(458, '29', '14', 13, '2', '578697361', '93646641', '7', NULL, NULL),
(459, '48', '7', 21, '3', '31428888', '32215252', '16', NULL, NULL),
(460, '35', '25', 2, '2', '469987516', '88823190', '11', NULL, NULL),
(461, '3', '19', 19, '2', '678366432', '38739357', '14', NULL, NULL),
(462, '20', '17', 24, '3', '338925876', '94437755', '24', NULL, NULL),
(463, '2', '6', 15, '3', '850331031', '41870366', '18', NULL, NULL),
(464, '17', '2', 16, '4', '647928412', '27884596', '76', NULL, NULL),
(465, '12', '26', 10, '1', '784368618', '24971277', '29', NULL, NULL),
(466, '42', '20', 10, '2', '980329992', '31422052', '49', NULL, NULL),
(467, '13', '5', 19, '4', '190896892', '3579130', '80', NULL, NULL),
(468, '37', '13', 3, '2', '761002988', '28046244', '92', NULL, NULL),
(469, '38', '16', 2, '3', '830493203', '20424366', '43', NULL, NULL),
(470, '26', '8', 14, '3', '591520050', '8170268', '59', NULL, NULL),
(471, '18', '2', 4, '2', '787505029', '27998094', '45', NULL, NULL),
(472, '20', '9', 24, '3', '844907125', '33384958', '11', NULL, NULL),
(473, '41', '7', 12, '3', '434080111', '21033494', '73', NULL, NULL),
(474, '45', '11', 23, '4', '922593999', '529684', '21', NULL, NULL),
(475, '21', '2', 3, '2', '891228596', '91972941', '5', NULL, NULL),
(476, '41', '26', 17, '3', '204367763', '55468040', '43', NULL, NULL),
(477, '15', '7', 11, '1', '618985357', '67357512', '71', NULL, NULL),
(478, '37', '4', 19, '4', '642455006', '51378320', '89', NULL, NULL),
(479, '7', '23', 18, '4', '30990825', '16841416', '53', NULL, NULL),
(480, '35', '18', 3, '3', '668832857', '95817369', '73', NULL, NULL),
(481, '31', '5', 8, '1', '648210209', '77626801', '34', NULL, NULL),
(482, '45', '1', 12, '3', '142930434', '72840735', '24', NULL, NULL),
(483, '34', '11', 21, '1', '241791462', '45395763', '60', NULL, NULL),
(484, '11', '4', 4, '3', '654654592', '79994061', '7', NULL, NULL),
(485, '45', '20', 14, '4', '592996260', '64739225', '25', NULL, NULL),
(486, '44', '25', 9, '3', '334363706', '69212373', '42', NULL, NULL),
(487, '10', '10', 12, '4', '59280178', '16967072', '33', NULL, NULL),
(488, '20', '7', 9, '2', '473044494', '23034927', '95', NULL, NULL),
(489, '28', '24', 22, '3', '30151476', '75796378', '50', NULL, NULL),
(490, '21', '15', 7, '3', '952953705', '2752065', '28', NULL, NULL),
(491, '32', '12', 19, '4', '133963952', '75555156', '84', NULL, NULL),
(492, '37', '8', 10, '4', '986084931', '23347359', '56', NULL, NULL),
(493, '24', '9', 18, '3', '4323600', '80495431', '39', NULL, NULL),
(494, '36', '15', 7, '4', '681300386', '72242368', '98', NULL, NULL),
(495, '14', '6', 16, '3', '467917005', '74732648', '53', NULL, NULL),
(496, '48', '5', 17, '2', '514006585', '44798174', '93', NULL, NULL),
(497, '22', '9', 8, '1', '339568036', '40213398', '32', NULL, NULL),
(498, '41', '27', 11, '1', '155209878', '56920687', '90', NULL, NULL),
(499, '46', '2', 12, '4', '116044968', '35012196', '63', NULL, NULL),
(500, '22', '21', 22, '1', '553877292', '84645634', '70', NULL, NULL),
(501, '1', '18', 16, '1', '13890000', '13890000', '201', '2024-05-03 15:59:11', '2024-05-03 16:30:42'),
(502, '1', '25', 22, '1', '3490000', '3490000', '201', '2024-05-03 16:30:37', '2024-05-03 16:30:42'),
(503, '2', '1', 1, '1', '29990000', '29990000', '202', '2024-05-03 17:13:19', '2024-05-03 17:13:35'),
(504, '1', '1', 1, '1', '29990000', '29990000', NULL, '2024-05-03 18:57:14', '2024-05-03 18:57:14');

-- --------------------------------------------------------

--
-- Table structure for table `categories`
--

CREATE TABLE `categories` (
  `id` bigint(20) UNSIGNED NOT NULL,
  `name` varchar(255) DEFAULT NULL,
  `slug` varchar(255) DEFAULT NULL,
  `deleted_at` timestamp NULL DEFAULT NULL,
  `created_at` timestamp NULL DEFAULT NULL,
  `updated_at` timestamp NULL DEFAULT NULL
) ENGINE=InnoDB DEFAULT CHARSET=utf8mb4 COLLATE=utf8mb4_unicode_ci;

--
-- Dumping data for table `categories`
--

INSERT INTO `categories` (`id`, `name`, `slug`, `deleted_at`, `created_at`, `updated_at`) VALUES
(1, 'Apple', 'apple', NULL, '2024-04-17 03:37:36', '2024-05-02 19:05:35'),
(2, 'Samsung', 'sa', NULL, '2024-04-17 03:37:41', '2024-05-02 19:05:45'),
(3, 'Xiaomi', 'xiaomi', NULL, '2024-04-17 03:37:57', '2024-05-02 19:07:13'),
(4, 'Watch', 'u', NULL, '2024-05-02 19:07:34', '2024-05-02 19:07:34'),
(5, 'Tai nghe, Loa', 'tai-nghe-loa', NULL, '2024-05-02 19:07:51', '2024-05-02 19:07:51'),
(6, 'Phụ kiện', 'phu-kien', NULL, '2024-05-02 19:08:02', '2024-05-02 19:08:02');

-- --------------------------------------------------------

--
-- Table structure for table `colors`
--

CREATE TABLE `colors` (
  `id` bigint(20) UNSIGNED NOT NULL,
  `product_id` varchar(255) DEFAULT NULL,
  `label` varchar(255) DEFAULT NULL,
  `value` varchar(255) DEFAULT NULL,
  `created_at` timestamp NULL DEFAULT NULL,
  `updated_at` timestamp NULL DEFAULT NULL,
  `deleted_at` timestamp NULL DEFAULT NULL
) ENGINE=InnoDB DEFAULT CHARSET=utf8mb4 COLLATE=utf8mb4_unicode_ci;

--
-- Dumping data for table `colors`
--

INSERT INTO `colors` (`id`, `product_id`, `label`, `value`, `created_at`, `updated_at`, `deleted_at`) VALUES
(1, '1', 'Titan xanh', '4f5765', '2024-04-17 20:30:34', '2024-04-17 20:30:34', NULL),
(2, '4', 'Titan đen', '464749', '2024-04-30 06:52:33', '2024-04-30 06:52:33', NULL),
(3, '1', 'Titan tự nhiên', 'bab4a9', '2024-05-02 19:33:35', '2024-05-02 19:33:35', NULL),
(4, '1', 'Titan trắng', 'f2f1ec', '2024-05-02 19:34:33', '2024-05-02 19:34:33', NULL),
(5, '1', 'Titan đen', '464749', '2024-05-02 19:35:01', '2024-05-02 19:35:01', NULL),
(6, '4', 'Vàng nhạt', 'ede6c8', '2024-05-02 20:59:34', '2024-05-02 20:59:34', NULL),
(7, '5', 'Titan đen', 'e5e5e5', '2024-05-02 21:06:54', '2024-05-02 21:06:54', NULL),
(8, '5', 'Titan trắng', 'f2f1ec', '2024-05-02 21:07:25', '2024-05-02 21:07:25', NULL),
(9, '5', 'Titan tự nhiên', 'bab4a9', '2024-05-02 21:07:58', '2024-05-02 21:07:58', NULL),
(10, '6', 'Tím', '594f63', '2024-05-02 21:12:14', '2024-05-02 21:12:14', NULL),
(11, '7', 'Xám', '7B7B7B', '2024-05-02 21:18:20', '2024-05-02 21:18:20', NULL),
(12, '8', 'Xám', '7B7B7B', '2024-05-02 21:21:54', '2024-05-02 21:21:54', NULL),
(13, '9', 'Bạc', 'E2E4E6', '2024-05-02 21:24:06', '2024-05-02 21:24:06', NULL),
(14, '10', 'Xám', '7b7b7b', '2024-05-03 14:49:35', '2024-05-03 14:49:35', NULL),
(15, '11', 'Bạc', 'e3e4e5', '2024-05-03 14:51:28', '2024-05-03 14:51:28', NULL),
(16, '12', 'hồng', 'faddd7', '2024-05-03 14:58:49', '2024-05-03 14:58:49', NULL),
(17, '13', 'Xanh rêu', '88D4AB', '2024-05-03 15:18:59', '2024-05-03 15:18:59', NULL),
(18, '14', 'Xám', 'C0C0C0', '2024-05-03 15:22:27', '2024-05-03 15:22:27', NULL),
(19, '15', 'Xanh mint', '3eb489', '2024-05-03 15:24:24', '2024-05-03 15:24:24', NULL),
(20, '16', 'Xanh da trời nhạt', '0000FF', '2024-05-03 15:25:52', '2024-05-03 15:25:52', NULL),
(21, '17', 'Vàng', 'FFD700', '2024-05-03 15:29:28', '2024-05-03 15:29:28', NULL),
(22, '18', 'Bạc', 'C0C0C0', '2024-05-03 15:31:14', '2024-05-03 15:31:14', NULL),
(23, '19', 'Xanh lá', '00FF00', '2024-05-03 15:33:03', '2024-05-03 15:33:03', NULL),
(24, '20', 'Xanh lá', '00FF00', '2024-05-03 15:34:20', '2024-05-03 15:34:20', NULL);

-- --------------------------------------------------------

--
-- Table structure for table `descriptions`
--

CREATE TABLE `descriptions` (
  `id` bigint(20) UNSIGNED NOT NULL,
  `product_id` int(11) DEFAULT NULL,
  `description` longtext DEFAULT NULL,
  `created_at` timestamp NULL DEFAULT NULL,
  `updated_at` timestamp NULL DEFAULT NULL
) ENGINE=InnoDB DEFAULT CHARSET=utf8mb4 COLLATE=utf8mb4_unicode_ci;

--
-- Dumping data for table `descriptions`
--

INSERT INTO `descriptions` (`id`, `product_id`, `description`, `created_at`, `updated_at`) VALUES
(1, NULL, '<p><br></p><p><img alt=\"iPhone 15 Pro Max 256GB Tổng Quan\" data-src=\"https://cdn.tgdd.vn/Products/Images/42/305658/s16/iphone-15-pro-max-210923-113413.jpg\" class=\" lazyloaded\" title=\"iPhone 15 Pro Max 256GB Tổng Quan\" src=\"https://cdn.tgdd.vn/Products/Images/42/305658/s16/iphone-15-pro-max-210923-113413.jpg\" style=\"margin: 0px; padding: 0px; border: 0px; display: block; width: 100%; color: rgb(16, 16, 16); font-family: &quot;Helvetica Neue&quot;, Helvetica, Arial, &quot;SF Pro Display&quot;, sans-serif; font-size: 15px; float: left;\"><img alt=\"iPhone 15 Pro Max 256GB Thông Số Kỹ Thuật Và Tính Năng\" data-src=\"https://cdn.tgdd.vn/Products/Images/42/305658/s16/iphone-15-pro-max-210923-113413-1.jpg\" class=\" lazyloaded\" title=\"iPhone 15 Pro Max 256GB Thông Số Kỹ Thuật Và Tính Năng\" src=\"https://cdn.tgdd.vn/Products/Images/42/305658/s16/iphone-15-pro-max-210923-113413-1.jpg\" style=\"margin: 0px; padding: 0px; border: 0px; display: block; width: 100%; color: rgb(16, 16, 16); font-family: &quot;Helvetica Neue&quot;, Helvetica, Arial, &quot;SF Pro Display&quot;, sans-serif; font-size: 15px;\"><img alt=\"iPhone 15 Pro Max 256GB So Sánh\" data-src=\"https://cdn.tgdd.vn/Products/Images/42/305658/s16/iphone-15-pro-max-051023-102933.jpg\" class=\" lazyloaded\" title=\"iPhone 15 Pro Max 256GB So Sánh\" src=\"https://cdn.tgdd.vn/Products/Images/42/305658/s16/iphone-15-pro-max-051023-102933.jpg\" style=\"margin: 0px; padding: 0px; border: 0px; display: block; width: 100%; color: rgb(16, 16, 16); font-family: &quot;Helvetica Neue&quot;, Helvetica, Arial, &quot;SF Pro Display&quot;, sans-serif; font-size: 15px;\"><img alt=\"iPhone 15 Pro Max 256GB Chuyển Đổi\" data-src=\"https://cdn.tgdd.vn/Products/Images/42/305658/s16/iphone-15-pro-max-210923-113414-1.jpg\" class=\" lazyloaded\" title=\"iPhone 15 Pro Max 256GB Chuyển Đổi\" src=\"https://cdn.tgdd.vn/Products/Images/42/305658/s16/iphone-15-pro-max-210923-113414-1.jpg\" style=\"margin: 0px; padding: 0px; border: 0px; display: block; width: 100%; color: rgb(16, 16, 16); font-family: &quot;Helvetica Neue&quot;, Helvetica, Arial, &quot;SF Pro Display&quot;, sans-serif; font-size: 15px;\"><img alt=\"iPhone 15 Pro Max 256GB Phụ Kiện\" data-src=\"https://cdn.tgdd.vn/Products/Images/42/305658/s16/iphone-15-pro-max-271123-053904.jpg\" class=\" lazyloaded\" title=\"iPhone 15 Pro Max 256GB Phụ Kiện\" src=\"https://cdn.tgdd.vn/Products/Images/42/305658/s16/iphone-15-pro-max-271123-053904.jpg\" style=\"margin: 0px; padding: 0px; border: 0px; display: block; width: 100%; color: rgb(16, 16, 16); font-family: &quot;Helvetica Neue&quot;, Helvetica, Arial, &quot;SF Pro Display&quot;, sans-serif; font-size: 15px;\"><span style=\"color: rgb(16, 16, 16); font-family: &quot;Helvetica Neue&quot;, Helvetica, Arial, &quot;SF Pro Display&quot;, sans-serif; font-size: 15px;\">&nbsp;</span><br></p>', '2024-04-17 20:29:46', '2024-05-03 21:45:09'),
(6, NULL, NULL, '2024-04-30 06:49:30', '2024-04-30 06:49:30'),
(7, NULL, NULL, '2024-05-02 21:06:04', '2024-05-02 21:06:04'),
(8, NULL, NULL, '2024-05-02 21:11:40', '2024-05-02 21:11:40'),
(9, NULL, NULL, '2024-05-02 21:17:09', '2024-05-02 21:17:09'),
(10, NULL, NULL, '2024-05-02 21:21:06', '2024-05-02 21:21:06'),
(11, NULL, NULL, '2024-05-02 21:23:24', '2024-05-02 21:23:24'),
(12, NULL, NULL, '2024-05-03 14:47:48', '2024-05-03 14:47:48'),
(13, NULL, NULL, '2024-05-03 14:48:13', '2024-05-03 14:48:13'),
(14, NULL, NULL, '2024-05-03 14:58:11', '2024-05-03 14:58:11'),
(15, NULL, NULL, '2024-05-03 15:18:20', '2024-05-03 15:18:20'),
(16, NULL, NULL, '2024-05-03 15:21:30', '2024-05-03 15:21:30'),
(17, NULL, NULL, '2024-05-03 15:23:17', '2024-05-03 15:23:17'),
(18, NULL, NULL, '2024-05-03 15:25:07', '2024-05-03 15:25:07'),
(19, NULL, NULL, '2024-05-03 15:28:53', '2024-05-03 15:28:53'),
(20, NULL, NULL, '2024-05-03 15:30:43', '2024-05-03 15:30:43'),
(21, NULL, NULL, '2024-05-03 15:32:14', '2024-05-03 15:32:14'),
(22, NULL, NULL, '2024-05-03 15:33:57', '2024-05-03 15:33:57');

-- --------------------------------------------------------

--
-- Table structure for table `failed_jobs`
--

CREATE TABLE `failed_jobs` (
  `id` bigint(20) UNSIGNED NOT NULL,
  `uuid` varchar(255) NOT NULL,
  `connection` text NOT NULL,
  `queue` text NOT NULL,
  `payload` longtext NOT NULL,
  `exception` longtext NOT NULL,
  `failed_at` timestamp NOT NULL DEFAULT current_timestamp()
) ENGINE=InnoDB DEFAULT CHARSET=utf8mb4 COLLATE=utf8mb4_unicode_ci;

-- --------------------------------------------------------

--
-- Table structure for table `images`
--

CREATE TABLE `images` (
  `id` bigint(20) UNSIGNED NOT NULL,
  `color_id` varchar(255) DEFAULT NULL,
  `image` varchar(255) DEFAULT NULL,
  `is_thumbnail` tinyint(1) DEFAULT NULL,
  `created_at` timestamp NULL DEFAULT NULL,
  `updated_at` timestamp NULL DEFAULT NULL
) ENGINE=InnoDB DEFAULT CHARSET=utf8mb4 COLLATE=utf8mb4_unicode_ci;

--
-- Dumping data for table `images`
--

INSERT INTO `images` (`id`, `color_id`, `image`, `is_thumbnail`, `created_at`, `updated_at`) VALUES
(17, '1', 'iphone-15-pro-max-blue-thumbtz-650x650.webp', 1, '2024-04-30 06:57:44', '2024-04-30 06:57:44'),
(18, '1', 'iphone-15-pro-max-blue-titan-1-650x650.webp', NULL, '2024-04-30 06:57:44', '2024-04-30 06:57:44'),
(19, '1', 'iphone-15-pro-max-blue-titan-2-650x650.webp', NULL, '2024-04-30 06:57:44', '2024-04-30 06:57:44'),
(20, '1', 'iphone-15-pro-max-blue-titan-3-650x650.webp', NULL, '2024-04-30 06:57:44', '2024-04-30 06:57:44'),
(21, '1', 'iphone-15-pro-max-blue-titan-4-650x650.webp', NULL, '2024-04-30 06:57:44', '2024-04-30 06:57:44'),
(22, '1', 'iphone-15-pro-max-blue-titan-5-650x650.webp', NULL, '2024-04-30 06:57:44', '2024-04-30 06:57:44'),
(23, '1', 'iphone-15-pro-max-blue-titan-9-650x650.webp', NULL, '2024-04-30 06:57:44', '2024-04-30 06:57:44'),
(24, '3', 'iphone-15-pro-max-gold-thumbtz-650x650.webp', 1, '2024-05-02 19:33:35', '2024-05-02 19:33:35'),
(25, '3', 'iphone-15-pro-max-natural-titan-1-650x650.webp', NULL, '2024-05-02 19:33:35', '2024-05-02 19:33:35'),
(26, '3', 'iphone-15-pro-max-natural-titan-2-650x650.webp', NULL, '2024-05-02 19:33:35', '2024-05-02 19:33:35'),
(27, '3', 'iphone-15-pro-max-natural-titan-3-650x650.webp', NULL, '2024-05-02 19:33:35', '2024-05-02 19:33:35'),
(28, '3', 'iphone-15-pro-max-natural-titan-4-650x650.webp', NULL, '2024-05-02 19:33:35', '2024-05-02 19:33:35'),
(29, '3', 'iphone-15-pro-max-natural-titan-5-650x650.webp', NULL, '2024-05-02 19:33:35', '2024-05-02 19:33:35'),
(30, '3', 'iphone-15-pro-max-natural-titan-9-650x650.webp', NULL, '2024-05-02 19:33:35', '2024-05-02 19:33:35'),
(31, '4', 'iphone-15-pro-max-white-thumbtz-650x650.webp', 1, '2024-05-02 19:34:33', '2024-05-02 19:34:33'),
(32, '4', 'iphone-15-pro-max-white-titan-1-650x650.webp', NULL, '2024-05-02 19:34:33', '2024-05-02 19:34:33'),
(33, '4', 'iphone-15-pro-max-white-titan-2-650x650.webp', NULL, '2024-05-02 19:34:33', '2024-05-02 19:34:33'),
(34, '4', 'iphone-15-pro-max-white-titan-3-650x650.webp', NULL, '2024-05-02 19:34:33', '2024-05-02 19:34:33'),
(35, '4', 'iphone-15-pro-max-white-titan-4-650x650.webp', NULL, '2024-05-02 19:34:33', '2024-05-02 19:34:33'),
(36, '4', 'iphone-15-pro-max-white-titan-5-650x650.webp', NULL, '2024-05-02 19:34:33', '2024-05-02 19:34:33'),
(37, '4', 'iphone-15-pro-max-white-titan-9-650x650.webp', NULL, '2024-05-02 19:34:33', '2024-05-02 19:34:33'),
(38, '5', 'iphone-15-pro-max-black-thumbtz-650x650.webp', 1, '2024-05-02 19:35:01', '2024-05-02 19:35:01'),
(39, '5', 'iphone-15-pro-max-black-titan-1-650x650.webp', NULL, '2024-05-02 19:35:01', '2024-05-02 19:35:01'),
(40, '5', 'iphone-15-pro-max-black-titan-2-650x650.webp', NULL, '2024-05-02 19:35:01', '2024-05-02 19:35:01'),
(41, '5', 'iphone-15-pro-max-black-titan-3-650x650.webp', NULL, '2024-05-02 19:35:01', '2024-05-02 19:35:01'),
(42, '5', 'iphone-15-pro-max-black-titan-4-650x650.webp', NULL, '2024-05-02 19:35:01', '2024-05-02 19:35:01'),
(43, '5', 'iphone-15-pro-max-black-titan-5-650x650.webp', NULL, '2024-05-02 19:35:01', '2024-05-02 19:35:01'),
(44, '5', 'iphone-15-pro-max-black-titan-9-650x650.webp', NULL, '2024-05-02 19:35:01', '2024-05-02 19:35:01'),
(45, '6', '1iphone-15-yellow-650x650 (1).webp', 1, '2024-05-02 20:59:34', '2024-05-02 20:59:34'),
(46, '6', '1iphone-15-yellow-650x650 (2).webp', NULL, '2024-05-02 20:59:34', '2024-05-02 20:59:34'),
(47, '6', '1iphone-15-yellow-650x650 (3).webp', NULL, '2024-05-02 20:59:34', '2024-05-02 20:59:34'),
(48, '6', '1iphone-15-yellow-650x650 (4).webp', NULL, '2024-05-02 20:59:34', '2024-05-02 20:59:34'),
(49, '6', '1iphone-15-yellow-650x650 (5).webp', NULL, '2024-05-02 20:59:34', '2024-05-02 20:59:34'),
(59, '8', '1iphone-15-pro-white-thumbtz-650x650.webp', 1, '2024-05-02 21:07:25', '2024-05-02 21:07:25'),
(60, '8', 'iphone-15-pro-trang-0-650x650.webp', NULL, '2024-05-02 21:07:25', '2024-05-02 21:07:25'),
(61, '8', 'iphone-15-pro-trang-1-650x650.webp', NULL, '2024-05-02 21:07:25', '2024-05-02 21:07:25'),
(62, '8', 'iphone-15-pro-trang-2-650x650.webp', NULL, '2024-05-02 21:07:25', '2024-05-02 21:07:25'),
(63, '8', 'iphone-15-pro-trang-3-650x650.webp', NULL, '2024-05-02 21:07:25', '2024-05-02 21:07:25'),
(64, '8', 'iphone-15-pro-trang-4-650x650.webp', NULL, '2024-05-02 21:07:25', '2024-05-02 21:07:25'),
(65, '8', 'iphone-15-pro-trang-5-650x650.webp', NULL, '2024-05-02 21:07:25', '2024-05-02 21:07:25'),
(66, '8', 'iphone-15-pro-trang-6-650x650.webp', NULL, '2024-05-02 21:07:25', '2024-05-02 21:07:25'),
(67, '8', 'iphone-15-pro-trang-8-650x650.webp', NULL, '2024-05-02 21:07:25', '2024-05-02 21:07:25'),
(68, '9', 'iphone-15-pro-thumbtz-650x650.webp', 1, '2024-05-02 21:07:58', '2024-05-02 21:07:58'),
(69, '9', 'iphone-15-pro-tu-nhien-0-650x650.webp', NULL, '2024-05-02 21:07:58', '2024-05-02 21:07:58'),
(70, '9', 'iphone-15-pro-tu-nhien-1-650x650.webp', NULL, '2024-05-02 21:07:58', '2024-05-02 21:07:58'),
(71, '9', 'iphone-15-pro-tu-nhien-2-650x650.webp', NULL, '2024-05-02 21:07:58', '2024-05-02 21:07:58'),
(72, '9', 'iphone-15-pro-tu-nhien-3-650x650.webp', NULL, '2024-05-02 21:07:58', '2024-05-02 21:07:58'),
(73, '9', 'iphone-15-pro-tu-nhien-4-650x650.webp', NULL, '2024-05-02 21:07:58', '2024-05-02 21:07:58'),
(74, '9', 'iphone-15-pro-tu-nhien-5-650x650.webp', NULL, '2024-05-02 21:07:58', '2024-05-02 21:07:58'),
(75, '9', 'iphone-15-pro-tu-nhien-6-650x650.webp', NULL, '2024-05-02 21:07:58', '2024-05-02 21:07:58'),
(76, '9', 'iphone-15-pro-tu-nhien-8-650x650.webp', NULL, '2024-05-02 21:07:58', '2024-05-02 21:07:58'),
(77, '10', '1iphone-14-pro-max-purple-thumbtz-650x650.webp', 1, '2024-05-02 21:12:14', '2024-05-02 21:12:14'),
(78, '10', 'iphone_14_pro_max_pdp_position-1_deep_purple_color-0-650x650.webp', NULL, '2024-05-02 21:12:14', '2024-05-02 21:12:14'),
(79, '10', 'iphone_14_pro_max_pdp_position-1_deep_purple_color-1-650x650.webp', NULL, '2024-05-02 21:12:14', '2024-05-02 21:12:14'),
(80, '10', 'iphone_14_pro_max_pdp_position-2_design-2-3-650x650.webp', NULL, '2024-05-02 21:12:14', '2024-05-02 21:12:14'),
(81, '10', 'iphone_14_pro_max_pdp_position-3_camera-3-3-650x650.webp', NULL, '2024-05-02 21:12:14', '2024-05-02 21:12:14'),
(82, '10', 'iphone_14_pro_max_pdp_position-4_design_detail-4-3-650x650.webp', NULL, '2024-05-02 21:12:14', '2024-05-02 21:12:14'),
(83, '10', 'iphone_14_pro_max_pdp_position-5_colors-5-3-650x650.webp', NULL, '2024-05-02 21:12:14', '2024-05-02 21:12:14'),
(84, '10', 'iphone_14_pro_max_pdp_position-6_dynamic_island-6-3-650x650.webp', NULL, '2024-05-02 21:12:14', '2024-05-02 21:12:14'),
(85, '10', 'iphone_14_pro_max_pdp_position-7_featuresspecs-7-3-650x650.webp', NULL, '2024-05-02 21:12:14', '2024-05-02 21:12:14'),
(86, '10', 'iphone_14_pro_max_pdp_position-9_typec_lightning_cable_-9-3-650x650.webp', NULL, '2024-05-02 21:12:14', '2024-05-02 21:12:14'),
(87, '11', '1mac-topzone-promax-silver-650x650.webp', 1, '2024-05-02 21:18:20', '2024-05-02 21:18:20'),
(88, '11', 'apple-macbook-pro-14-inch-m3-pro-2023-silver-2-650x650.webp', NULL, '2024-05-02 21:18:20', '2024-05-02 21:18:20'),
(89, '11', 'apple-macbook-pro-14-inch-m3-pro-2023-silver-3-650x650.webp', NULL, '2024-05-02 21:18:20', '2024-05-02 21:18:20'),
(90, '11', 'apple-macbook-pro-14-inch-m3-pro-2023-silver-4-650x650.webp', NULL, '2024-05-02 21:18:20', '2024-05-02 21:18:20'),
(91, '11', 'apple-macbook-pro-14-inch-m3-pro-2023-silver-5-650x650.webp', NULL, '2024-05-02 21:18:20', '2024-05-02 21:18:20'),
(92, '11', 'apple-macbook-pro-14-inch-m3-pro-2023-silver-6-650x650.webp', NULL, '2024-05-02 21:18:20', '2024-05-02 21:18:20'),
(93, '11', 'apple-macbook-pro-14-inch-m3-pro-2023-silver-7-650x650.webp', NULL, '2024-05-02 21:18:20', '2024-05-02 21:18:20'),
(94, '11', 'apple-macbook-pro-14-inch-m3-pro-2023-silver-8-650x650.webp', NULL, '2024-05-02 21:18:20', '2024-05-02 21:18:20'),
(95, '11', 'apple-macbook-pro-14-inch-m3-pro-2023-silver-9-650x650.webp', NULL, '2024-05-02 21:18:20', '2024-05-02 21:18:20'),
(96, '11', 'apple-macbook-pro-14-inch-m3-pro-2023-silver-10-650x650.webp', NULL, '2024-05-02 21:18:20', '2024-05-02 21:18:20'),
(97, '12', '1mac-air-15-m2-starlight-650x650.webp', 1, '2024-05-02 21:21:54', '2024-05-02 21:21:54'),
(98, '12', 'apple-macbook-air-m2-2023-16gb-silver-1-650x650.webp', NULL, '2024-05-02 21:21:54', '2024-05-02 21:21:54'),
(99, '12', 'apple-macbook-air-m2-2023-16gb-silver-2-650x650.webp', NULL, '2024-05-02 21:21:54', '2024-05-02 21:21:54'),
(100, '12', 'apple-macbook-air-m2-2023-16gb-silver-3-650x650.webp', NULL, '2024-05-02 21:21:54', '2024-05-02 21:21:54'),
(101, '12', 'apple-macbook-air-m2-2023-16gb-silver-4-650x650.webp', NULL, '2024-05-02 21:21:54', '2024-05-02 21:21:54'),
(102, '12', 'apple-macbook-air-m2-2023-16gb-silver-5-650x650.webp', NULL, '2024-05-02 21:21:54', '2024-05-02 21:21:54'),
(103, '12', 'apple-macbook-air-m2-2023-16gb-silver-6-650x650.webp', NULL, '2024-05-02 21:21:54', '2024-05-02 21:21:54'),
(104, '12', 'apple-macbook-air-m2-2023-16gb-silver-7-650x650.webp', NULL, '2024-05-02 21:21:54', '2024-05-02 21:21:54'),
(105, '12', 'apple-macbook-air-m2-2023-16gb-silver-8-650x650.webp', NULL, '2024-05-02 21:21:54', '2024-05-02 21:21:54'),
(106, '13', '1mac-air-13-m2-bac-650x650.webp', 1, '2024-05-02 21:24:06', '2024-05-02 21:24:06'),
(107, '13', 'apple-macbook-air-m2-2022-16gb-256gb-2-1-650x650.webp', NULL, '2024-05-02 21:24:06', '2024-05-02 21:24:06'),
(108, '13', 'apple-macbook-air-m2-2022-16gb-256gb-3-1-650x650.webp', NULL, '2024-05-02 21:24:06', '2024-05-02 21:24:06'),
(109, '13', 'apple-macbook-air-m2-2022-16gb-256gb-4-1-650x650.webp', NULL, '2024-05-02 21:24:06', '2024-05-02 21:24:06'),
(110, '13', 'apple-macbook-air-m2-2022-16gb-256gb-5-1-650x650.webp', NULL, '2024-05-02 21:24:06', '2024-05-02 21:24:06'),
(111, '13', 'apple-macbook-air-m2-2022-16gb-256gb-6-1-650x650.webp', NULL, '2024-05-02 21:24:06', '2024-05-02 21:24:06'),
(112, '13', 'apple-macbook-air-m2-2022-16gb-256gb-7-1-650x650.webp', NULL, '2024-05-02 21:24:06', '2024-05-02 21:24:06'),
(113, '14', 'iPad-Pro-M2-11-sliver-thumb-label-650x650.webp', 1, '2024-05-03 14:49:35', '2024-05-03 14:49:35'),
(114, '14', 'vn_ipad_pro_wi-fi_11_in_4th_gen_silver_pdp_image_position-0-650x650.webp', NULL, '2024-05-03 14:49:35', '2024-05-03 14:49:35'),
(115, '14', 'vn_ipad_pro_wi-fi_11_in_4th_gen_silver_pdp_image_position-1-650x650.webp', NULL, '2024-05-03 14:49:35', '2024-05-03 14:49:35'),
(116, '14', 'vn_ipad_pro_wi-fi_11_in_4th_gen_silver_pdp_image_position-2-650x650.webp', NULL, '2024-05-03 14:49:35', '2024-05-03 14:49:35'),
(117, '14', 'vn_ipad_pro_wi-fi_11_in_4th_gen_silver_pdp_image_position-3-650x650.webp', NULL, '2024-05-03 14:49:35', '2024-05-03 14:49:35'),
(118, '14', 'vn_ipad_pro_wi-fi_11_in_4th_gen_silver_pdp_image_position-4-650x650.webp', NULL, '2024-05-03 14:49:35', '2024-05-03 14:49:35'),
(119, '14', 'vn_ipad_pro_wi-fi_11_in_4th_gen_silver_pdp_image_position-5-650x650.webp', NULL, '2024-05-03 14:49:35', '2024-05-03 14:49:35'),
(120, '14', 'vn_ipad_pro_wi-fi_11_in_4th_gen_silver_pdp_image_position-6-650x650.webp', NULL, '2024-05-03 14:49:35', '2024-05-03 14:49:35'),
(121, '14', 'vn_ipad_pro_wi-fi_11_in_4th_gen_silver_pdp_image_position-7-650x650.webp', NULL, '2024-05-03 14:49:35', '2024-05-03 14:49:35'),
(122, '14', 'vn_ipad_pro_wi-fi_11_in_4th_gen_silver_pdp_image_position-8-650x650.webp', NULL, '2024-05-03 14:49:35', '2024-05-03 14:49:35'),
(123, '14', 'vn_ipad_pro_wi-fi_11_in_4th_gen_silver_pdp_image_position-9-650x650.webp', NULL, '2024-05-03 14:49:35', '2024-05-03 14:49:35'),
(124, '15', 'iPad-gen-10-sliver-thumbtz-650x650.webp', 1, '2024-05-03 14:51:28', '2024-05-03 14:51:28'),
(125, '15', 'vn_ipad_10th_gen_wi-fi_silver_pdp_image_position-0-650x650.webp', NULL, '2024-05-03 14:51:28', '2024-05-03 14:51:28'),
(126, '15', 'vn_ipad_10th_gen_wi-fi_silver_pdp_image_position-1-650x650.webp', NULL, '2024-05-03 14:51:28', '2024-05-03 14:51:28'),
(127, '15', 'vn_ipad_10th_gen_wi-fi_silver_pdp_image_position-2-650x650.webp', NULL, '2024-05-03 14:51:28', '2024-05-03 14:51:28'),
(128, '15', 'vn_ipad_10th_gen_wi-fi_silver_pdp_image_position-3-650x650.webp', NULL, '2024-05-03 14:51:28', '2024-05-03 14:51:28'),
(129, '15', 'vn_ipad_10th_gen_wi-fi_silver_pdp_image_position-4-650x650.webp', NULL, '2024-05-03 14:51:28', '2024-05-03 14:51:28'),
(130, '15', 'vn_ipad_10th_gen_wi-fi_silver_pdp_image_position-5-650x650.webp', NULL, '2024-05-03 14:51:28', '2024-05-03 14:51:28'),
(131, '15', 'vn_ipad_10th_gen_wi-fi_silver_pdp_image_position-6-650x650.webp', NULL, '2024-05-03 14:51:28', '2024-05-03 14:51:28'),
(132, '15', 'vn_ipad_10th_gen_wi-fi_silver_pdp_image_position-7-650x650.webp', NULL, '2024-05-03 14:51:28', '2024-05-03 14:51:28'),
(133, '15', 'vn_ipad_10th_gen_wi-fi_silver_pdp_image_position-8-650x650.webp', NULL, '2024-05-03 14:51:28', '2024-05-03 14:51:28'),
(134, '16', '1iphone-13-pink-thumbtz-650x650.webp', 1, '2024-05-03 14:58:49', '2024-05-03 14:58:49'),
(135, '16', 'iphone-13-hong-1-650x650.webp', NULL, '2024-05-03 14:58:49', '2024-05-03 14:58:49'),
(136, '16', 'iphone-13-hong-2-650x650.webp', NULL, '2024-05-03 14:58:49', '2024-05-03 14:58:49'),
(137, '16', 'iphone-13-hong-3-650x650.webp', NULL, '2024-05-03 14:58:49', '2024-05-03 14:58:49'),
(138, '16', 'iphone-13-hong-4-650x650.webp', NULL, '2024-05-03 14:58:49', '2024-05-03 14:58:49'),
(139, '16', 'iphone-13-hong-5-650x650.webp', NULL, '2024-05-03 14:58:49', '2024-05-03 14:58:49'),
(140, '16', 'iphone-13-hong-6-650x650.webp', NULL, '2024-05-03 14:58:49', '2024-05-03 14:58:49'),
(141, '16', 'iphone-13-hong-7-650x650.webp', NULL, '2024-05-03 14:58:49', '2024-05-03 14:58:49'),
(142, '17', '1samsung-galaxy-s23-ultra-green-thumbnew-200x200.jpg', 1, '2024-05-03 15:18:59', '2024-05-03 15:18:59'),
(143, '17', 'samsung-galaxy-s23-ultra-xanh-1.jpg', NULL, '2024-05-03 15:18:59', '2024-05-03 15:18:59'),
(144, '17', 'samsung-galaxy-s23-ultra-xanh-2.jpg', NULL, '2024-05-03 15:18:59', '2024-05-03 15:18:59'),
(145, '17', 'samsung-galaxy-s23-ultra-xanh-3.jpg', NULL, '2024-05-03 15:18:59', '2024-05-03 15:18:59'),
(146, '17', 'samsung-galaxy-s23-ultra-xanh-4.jpg', NULL, '2024-05-03 15:18:59', '2024-05-03 15:18:59'),
(147, '17', 'samsung-galaxy-s23-ultra-xanh-5.jpg', NULL, '2024-05-03 15:18:59', '2024-05-03 15:18:59'),
(148, '17', 'samsung-galaxy-s23-ultra-xanh-13.jpg', NULL, '2024-05-03 15:18:59', '2024-05-03 15:18:59'),
(149, '17', 'samsung-galaxy-s23-ultra-xanh-14.jpg', NULL, '2024-05-03 15:18:59', '2024-05-03 15:18:59'),
(150, '18', '1samsung-galaxy-s24-ultra-xam-1.jpg', NULL, '2024-05-03 15:22:27', '2024-05-03 15:22:27'),
(151, '18', 'samsung-galaxy-s24-ultra-xam-2.jpg', NULL, '2024-05-03 15:22:27', '2024-05-03 15:22:27'),
(152, '18', 'samsung-galaxy-s24-ultra-xam-3.jpg', NULL, '2024-05-03 15:22:27', '2024-05-03 15:22:27'),
(153, '18', 'samsung-galaxy-s24-ultra-xam-4.jpg', NULL, '2024-05-03 15:22:27', '2024-05-03 15:22:27'),
(154, '18', 'samsung-galaxy-s24-ultra-xam-5.jpg', NULL, '2024-05-03 15:22:27', '2024-05-03 15:22:27'),
(155, '18', 'samsung-galaxy-s24-ultra-xam-6.jpg', NULL, '2024-05-03 15:22:27', '2024-05-03 15:22:27'),
(156, '18', 'samsung-galaxy-s24-ultra-xam-7.jpg', NULL, '2024-05-03 15:22:27', '2024-05-03 15:22:27'),
(157, '18', 'samsung-galaxy-s24-ultra-xam-8.jpg', NULL, '2024-05-03 15:22:27', '2024-05-03 15:22:27'),
(158, '18', 'samsung-galaxy-s24-ultra-xam-9.jpg', NULL, '2024-05-03 15:22:27', '2024-05-03 15:22:27'),
(159, '18', 'samsung-galaxy-s24-yellow-thumb-600x600.png', 1, '2024-05-03 15:22:27', '2024-05-03 15:22:27'),
(160, '19', '1samsung-galaxy-z-flip5-mint-thumbnew-600x600 (1).jpg', 1, '2024-05-03 15:24:24', '2024-05-03 15:24:24'),
(161, '19', '1samsung-galaxy-z-flip5-mint-thumbnew-600x600 (2).jpg', NULL, '2024-05-03 15:24:24', '2024-05-03 15:24:24'),
(162, '19', '1samsung-galaxy-z-flip5-mint-thumbnew-600x600 (3).jpg', NULL, '2024-05-03 15:24:24', '2024-05-03 15:24:24'),
(163, '19', '1samsung-galaxy-z-flip5-mint-thumbnew-600x600 (4).jpg', NULL, '2024-05-03 15:24:24', '2024-05-03 15:24:24'),
(164, '19', '1samsung-galaxy-z-flip5-mint-thumbnew-600x600 (5).jpg', NULL, '2024-05-03 15:24:24', '2024-05-03 15:24:24'),
(165, '19', '1samsung-galaxy-z-flip5-mint-thumbnew-600x600 (6).jpg', NULL, '2024-05-03 15:24:24', '2024-05-03 15:24:24'),
(166, '19', '1samsung-galaxy-z-flip5-mint-thumbnew-600x600 (7).jpg', NULL, '2024-05-03 15:24:24', '2024-05-03 15:24:24'),
(167, '19', '1samsung-galaxy-z-flip5-mint-thumbnew-600x600 (8).jpg', NULL, '2024-05-03 15:24:24', '2024-05-03 15:24:24'),
(168, '19', '1samsung-galaxy-z-flip5-mint-thumbnew-600x600 (9).jpg', NULL, '2024-05-03 15:24:24', '2024-05-03 15:24:24'),
(169, '20', '1samsung-galaxy-z-fold5-blue-thumbnew-600x600.jpg', 1, '2024-05-03 15:25:52', '2024-05-03 15:25:52'),
(170, '20', 'samsung-galaxy-zfold5-xanh-256gb-1-1.jpg', NULL, '2024-05-03 15:25:52', '2024-05-03 15:25:52'),
(171, '20', 'samsung-galaxy-zfold5-xanh-256gb-2.jpg', NULL, '2024-05-03 15:25:52', '2024-05-03 15:25:52'),
(172, '20', 'samsung-galaxy-zfold5-xanh-256gb-3.jpg', NULL, '2024-05-03 15:25:52', '2024-05-03 15:25:52'),
(173, '20', 'samsung-galaxy-zfold5-xanh-256gb-4.jpg', NULL, '2024-05-03 15:25:52', '2024-05-03 15:25:52'),
(174, '20', 'samsung-galaxy-zfold5-xanh-256gb-5.jpg', NULL, '2024-05-03 15:25:52', '2024-05-03 15:25:52'),
(175, '20', 'samsung-galaxy-zfold5-xanh-256gb-6.jpg', NULL, '2024-05-03 15:25:52', '2024-05-03 15:25:52'),
(176, '20', 'samsung-galaxy-zfold5-xanh-256gb-7.jpg', NULL, '2024-05-03 15:25:52', '2024-05-03 15:25:52'),
(177, '20', 'samsung-galaxy-zfold5-xanh-256gb-8.jpg', NULL, '2024-05-03 15:25:52', '2024-05-03 15:25:52'),
(178, '21', '1xiaomi-redmi-note-13-gold-thumb-600x600.jpg', 1, '2024-05-03 15:29:28', '2024-05-03 15:29:28'),
(179, '21', 'xiaomi-redmi-note-13-vang-1-1.jpg', NULL, '2024-05-03 15:29:28', '2024-05-03 15:29:28'),
(180, '21', 'xiaomi-redmi-note-13-vang-2-1.jpg', NULL, '2024-05-03 15:29:28', '2024-05-03 15:29:28'),
(181, '21', 'xiaomi-redmi-note-13-vang-3-1.jpg', NULL, '2024-05-03 15:29:28', '2024-05-03 15:29:28'),
(182, '21', 'xiaomi-redmi-note-13-vang-4.jpg', NULL, '2024-05-03 15:29:28', '2024-05-03 15:29:28'),
(183, '21', 'xiaomi-redmi-note-13-vang-5.jpg', NULL, '2024-05-03 15:29:28', '2024-05-03 15:29:28'),
(184, '21', 'xiaomi-redmi-note-13-vang-6.jpg', NULL, '2024-05-03 15:29:28', '2024-05-03 15:29:28'),
(185, '21', 'xiaomi-redmi-note-13-vang-7.jpg', NULL, '2024-05-03 15:29:28', '2024-05-03 15:29:28'),
(186, '21', 'xiaomi-redmi-note-13-vang-8.jpg', NULL, '2024-05-03 15:29:28', '2024-05-03 15:29:28'),
(187, '22', '1xiaomi-redmi-12-bac-thumb-(1)-600x600.jpg', 1, '2024-05-03 15:31:14', '2024-05-03 15:31:14'),
(188, '22', 'xiaomi-redmi-12-bac-1-2.jpg', NULL, '2024-05-03 15:31:14', '2024-05-03 15:31:14'),
(189, '22', 'xiaomi-redmi-12-bac-2-2.jpg', NULL, '2024-05-03 15:31:14', '2024-05-03 15:31:14'),
(190, '22', 'xiaomi-redmi-12-bac-3-2.jpg', NULL, '2024-05-03 15:31:14', '2024-05-03 15:31:14'),
(191, '22', 'xiaomi-redmi-12-bac-4.jpg', NULL, '2024-05-03 15:31:14', '2024-05-03 15:31:14'),
(192, '22', 'xiaomi-redmi-12-bac-5.jpg', NULL, '2024-05-03 15:31:14', '2024-05-03 15:31:14'),
(193, '22', 'xiaomi-redmi-12-bac-6.jpg', NULL, '2024-05-03 15:31:14', '2024-05-03 15:31:14'),
(194, '22', 'xiaomi-redmi-12-bac-7.jpg', NULL, '2024-05-03 15:31:14', '2024-05-03 15:31:14'),
(195, '22', 'xiaomi-redmi-12-bac-8.jpg', NULL, '2024-05-03 15:31:14', '2024-05-03 15:31:14'),
(196, '23', '1xiaomi-redmi-a3-xanh-lá-thumb-600x600.jpg', 1, '2024-05-03 15:33:03', '2024-05-03 15:33:03'),
(197, '23', 'xiaomi-redmi-a3-xanh-1-1.jpg', NULL, '2024-05-03 15:33:03', '2024-05-03 15:33:03'),
(198, '23', 'xiaomi-redmi-a3-xanh-2-1.jpg', NULL, '2024-05-03 15:33:03', '2024-05-03 15:33:03'),
(199, '23', 'xiaomi-redmi-a3-xanh-3-1.jpg', NULL, '2024-05-03 15:33:03', '2024-05-03 15:33:03'),
(200, '23', 'xiaomi-redmi-a3-xanh-4-1.jpg', NULL, '2024-05-03 15:33:03', '2024-05-03 15:33:03'),
(201, '23', 'xiaomi-redmi-a3-xanh-5-1.jpg', NULL, '2024-05-03 15:33:03', '2024-05-03 15:33:03'),
(202, '23', 'xiaomi-redmi-a3-xanh-6-1.jpg', NULL, '2024-05-03 15:33:03', '2024-05-03 15:33:03'),
(203, '23', 'xiaomi-redmi-a3-xanh-7-1.jpg', NULL, '2024-05-03 15:33:03', '2024-05-03 15:33:03'),
(204, '23', 'xiaomi-redmi-a3-xanh-8-1.jpg', NULL, '2024-05-03 15:33:03', '2024-05-03 15:33:03'),
(205, '24', 'xiaomi-14-green-thumbnew-600x600.jpg', 1, '2024-05-03 15:34:20', '2024-05-03 15:34:20'),
(206, '24', 'xiaomi-14-xanh-1.jpg', NULL, '2024-05-03 15:34:20', '2024-05-03 15:34:20'),
(207, '24', 'xiaomi-14-xanh-2.jpg', NULL, '2024-05-03 15:34:20', '2024-05-03 15:34:20'),
(208, '24', 'xiaomi-14-xanh-3.jpg', NULL, '2024-05-03 15:34:20', '2024-05-03 15:34:20'),
(209, '24', 'xiaomi-14-xanh-4.jpg', NULL, '2024-05-03 15:34:20', '2024-05-03 15:34:20'),
(210, '24', 'xiaomi-14-xanh-5.jpg', NULL, '2024-05-03 15:34:20', '2024-05-03 15:34:20'),
(211, '24', 'xiaomi-14-xanh-6.jpg', NULL, '2024-05-03 15:34:20', '2024-05-03 15:34:20'),
(212, '24', 'xiaomi-14-xanh-7.jpg', NULL, '2024-05-03 15:34:20', '2024-05-03 15:34:20'),
(213, '24', 'xiaomi-14-xanh-8.jpg', NULL, '2024-05-03 15:34:20', '2024-05-03 15:34:20'),
(214, '2', 'iphone-15-pro-max-black-thumbtz-650x650.webp', 1, '2024-05-03 15:35:58', '2024-05-03 15:35:58'),
(215, '2', 'iphone-15-pro-max-black-titan-1-650x650.webp', NULL, '2024-05-03 15:35:58', '2024-05-03 15:35:58'),
(216, '2', 'iphone-15-pro-max-black-titan-2-650x650.webp', NULL, '2024-05-03 15:35:58', '2024-05-03 15:35:58'),
(217, '2', 'iphone-15-pro-max-black-titan-3-650x650.webp', NULL, '2024-05-03 15:35:58', '2024-05-03 15:35:58'),
(218, '2', 'iphone-15-pro-max-black-titan-4-650x650.webp', NULL, '2024-05-03 15:35:58', '2024-05-03 15:35:58'),
(219, '2', 'iphone-15-pro-max-black-titan-5-650x650.webp', NULL, '2024-05-03 15:35:58', '2024-05-03 15:35:58'),
(220, '2', 'iphone-15-pro-max-black-titan-9-650x650.webp', NULL, '2024-05-03 15:35:58', '2024-05-03 15:35:58'),
(221, '7', 'iphone-15-pro-max-black-thumbtz-650x650.webp', 1, '2024-05-03 15:36:31', '2024-05-03 15:36:31'),
(222, '7', 'iphone-15-pro-max-black-titan-1-650x650.webp', NULL, '2024-05-03 15:36:31', '2024-05-03 15:36:31'),
(223, '7', 'iphone-15-pro-max-black-titan-2-650x650.webp', NULL, '2024-05-03 15:36:31', '2024-05-03 15:36:31'),
(224, '7', 'iphone-15-pro-max-black-titan-3-650x650.webp', NULL, '2024-05-03 15:36:31', '2024-05-03 15:36:31'),
(225, '7', 'iphone-15-pro-max-black-titan-4-650x650.webp', NULL, '2024-05-03 15:36:31', '2024-05-03 15:36:31'),
(226, '7', 'iphone-15-pro-max-black-titan-5-650x650.webp', NULL, '2024-05-03 15:36:31', '2024-05-03 15:36:31'),
(227, '7', 'iphone-15-pro-max-black-titan-9-650x650.webp', NULL, '2024-05-03 15:36:31', '2024-05-03 15:36:31');

-- --------------------------------------------------------

--
-- Table structure for table `migrations`
--

CREATE TABLE `migrations` (
  `id` int(10) UNSIGNED NOT NULL,
  `migration` varchar(255) NOT NULL,
  `batch` int(11) NOT NULL
) ENGINE=InnoDB DEFAULT CHARSET=utf8mb4 COLLATE=utf8mb4_unicode_ci;

--
-- Dumping data for table `migrations`
--

INSERT INTO `migrations` (`id`, `migration`, `batch`) VALUES
(1, '2014_10_12_000000_create_users_table', 1),
(2, '2014_10_12_100000_create_password_reset_tokens_table', 1),
(3, '2014_10_12_100000_create_password_resets_table', 1),
(4, '2019_08_19_000000_create_failed_jobs_table', 1),
(5, '2019_12_14_000001_create_personal_access_tokens_table', 1),
(6, '2023_11_16_041049_create_categories_table', 1),
(7, '2023_11_16_041057_create_products_table', 1),
(8, '2023_11_16_041106_create_orders_table', 1),
(9, '2023_11_16_041109_create_carts_table', 1),
(10, '2023_11_16_055021_create_atributes_table', 1),
(11, '2023_11_19_012538_create_colors_table', 1),
(12, '2023_11_19_012558_create_images_table', 1),
(13, '2023_11_26_091726_create_specifications_table', 1),
(14, '2023_11_30_120614_create_types_table', 1),
(15, '2023_11_30_120626_create_product_types_table', 1),
(16, '2023_11_30_120956_create_specification_details_table', 1),
(17, '2023_12_10_032000_add_column_color_table', 1),
(18, '2023_12_11_215028_add_column_cart_table', 1),
(19, '2023_12_13_012942_alter_column_carts_table', 1),
(20, '2023_12_13_050626_add_softdelete_colors_table', 1),
(21, '2023_12_16_083321_add_column_images_table', 1),
(22, '2024_01_12_235726_alter_product_table', 1),
(23, '2024_01_13_001322_create_descriptions_table', 1),
(24, '2024_01_13_001334_create_reviews_table', 1),
(26, '2024_04_30_140545_add_column_order_table', 2),
(27, '2024_04_30_140928_add_column_cart_table', 3),
(28, '2024_04_30_143506_create_rates_table', 4),
(29, '2024_05_03_003643_del_column_cart_table', 5),
(30, '2024_05_03_003703_add_column_order_table', 5);

-- --------------------------------------------------------

--
-- Table structure for table `orders`
--

CREATE TABLE `orders` (
  `id` bigint(20) UNSIGNED NOT NULL,
  `user_id` varchar(255) DEFAULT NULL,
  `name` varchar(255) DEFAULT NULL,
  `address` varchar(255) DEFAULT NULL,
  `phone` varchar(255) DEFAULT NULL,
  `email` varchar(255) DEFAULT NULL,
  `note` varchar(255) DEFAULT NULL,
  `total` varchar(255) DEFAULT NULL,
  `status` varchar(255) DEFAULT NULL,
  `order_date` date DEFAULT NULL,
  `created_at` timestamp NULL DEFAULT NULL,
  `updated_at` timestamp NULL DEFAULT NULL,
  `payment_method` varchar(255) DEFAULT NULL,
  `payment_status` varchar(255) DEFAULT NULL,
  `isRated` varchar(255) DEFAULT NULL
) ENGINE=InnoDB DEFAULT CHARSET=utf8mb4 COLLATE=utf8mb4_unicode_ci;

--
-- Dumping data for table `orders`
--

INSERT INTO `orders` (`id`, `user_id`, `name`, `address`, `phone`, `email`, `note`, `total`, `status`, `order_date`, `created_at`, `updated_at`, `payment_method`, `payment_status`, `isRated`) VALUES
(1, '1', 'Everard Scarsbrooke', 'Room 1025', '6482702924', 'escarsbrooke0@mediafire.com', NULL, '283993794', '4', '2023-05-02', '2023-09-15 11:59:30', '2023-02-01 19:53:39', NULL, NULL, '0'),
(2, '36', 'Jo Riall', 'Room 219', '3797773357', 'jriall1@xrea.com', NULL, '575566356', '2', '2023-01-05', '2023-09-01 14:42:10', '2023-08-21 19:22:44', NULL, NULL, '1'),
(3, '17', 'Omero Postin', 'Apt 1218', '8141354496', 'opostin2@naver.com', NULL, '779266169', '2', '2024-02-09', '2023-01-12 08:04:39', '2024-04-10 18:26:06', NULL, NULL, '0'),
(4, '6', 'Harmon Postle', '3rd Floor', '7813007621', 'hpostle3@mail.ru', NULL, '823113384', '3', '2023-01-21', '2023-05-11 07:17:02', '2023-08-02 06:37:46', NULL, NULL, '1'),
(5, '24', 'Shermie Caulder', 'Suite 56', '5688207707', 'scaulder4@360.cn', NULL, '663295924', '2', '2024-03-09', '2024-03-07 17:40:44', '2023-12-27 00:41:40', NULL, NULL, '0'),
(6, '4', 'Luce Fretter', 'PO Box 32371', '7606866537', 'lfretter5@photobucket.com', NULL, '184201450', '4', '2024-04-02', '2023-05-13 03:16:29', '2023-04-08 09:35:57', NULL, NULL, '0'),
(7, '45', 'Giles Neasham', 'Room 1771', '2434083088', 'gneasham6@opera.com', NULL, '558384242', '2', '2023-06-18', '2024-02-12 02:02:06', '2023-01-18 17:03:09', NULL, NULL, '1'),
(8, '8', 'Clareta Bowcock', 'Room 1439', '6199826024', 'cbowcock7@usatoday.com', NULL, '193615412', '4', '2024-03-15', '2023-03-09 03:20:59', '2023-08-20 11:00:00', NULL, NULL, '0'),
(9, '45', 'Ernesto Beecheno', 'Apt 1537', '6921645762', 'ebeecheno8@flavors.me', NULL, '892256165', '3', '2023-06-05', '2023-02-16 10:03:42', '2023-12-27 07:32:23', NULL, NULL, '0'),
(10, '6', 'Gregoor Eouzan', 'PO Box 32734', '1205137646', 'geouzan9@constantcontact.com', NULL, '784353983', '4', '2023-07-05', '2024-02-15 21:20:14', '2023-12-11 05:58:20', NULL, NULL, '1'),
(11, '16', 'Harald Camerello', 'Apt 444', '7425936260', 'hcamerelloa@archive.org', NULL, '842924439', '4', '2023-06-24', '2023-01-22 17:51:42', '2023-07-03 03:03:59', NULL, NULL, '0'),
(12, '39', 'Wilt Haig', 'Suite 12', '7196987552', 'whaigb@google.es', NULL, '492464098', '2', '2023-10-01', '2023-01-04 08:28:25', '2024-01-29 06:02:08', NULL, NULL, '0'),
(13, '27', 'Josefa Aiskovitch', 'PO Box 95844', '9522202849', 'jaiskovitchc@netvibes.com', NULL, '431131692', '2', '2023-09-08', '2023-11-23 19:26:01', '2023-12-30 21:27:31', NULL, NULL, '1'),
(14, '13', 'Denyse Bolland', 'Suite 15', '2316552109', 'dbollandd@blogger.com', NULL, '860332538', '3', '2023-06-14', '2023-02-25 03:27:13', '2024-01-05 20:50:51', NULL, NULL, '1'),
(15, '35', 'Brittani Ragbourne', 'Room 238', '7321838900', 'bragbournee@thetimes.co.uk', NULL, '617006883', '3', '2023-04-13', '2023-03-23 09:54:36', '2023-06-11 04:34:10', NULL, NULL, '1'),
(16, '25', 'Else Edwicke', 'PO Box 81121', '5918890615', 'eedwickef@hatena.ne.jp', NULL, '989674198', '4', '2024-02-03', '2023-10-07 02:17:26', '2023-08-30 02:28:29', NULL, NULL, '0'),
(17, '48', 'Susann Paddy', '18th Floor', '3081624786', 'spaddyg@sun.com', NULL, '581586863', '3', '2023-01-09', '2023-11-17 10:56:47', '2024-02-12 11:17:11', NULL, NULL, '0'),
(18, '17', 'Veronique Fomichkin', 'Room 1760', '7903279992', 'vfomichkinh@cloudflare.com', NULL, '503215814', '2', '2023-04-20', '2023-06-20 13:53:11', '2024-02-23 15:02:19', NULL, NULL, '1'),
(19, '50', 'Regan Puve', 'PO Box 57899', '2998474805', 'rpuvei@cnn.com', NULL, '588339136', '3', '2023-12-15', '2023-07-23 23:06:05', '2024-02-22 14:26:35', NULL, NULL, '1'),
(20, '26', 'Toddie Kliner', 'PO Box 20136', '8813352168', 'tklinerj@pagesperso-orange.fr', NULL, '746063672', '2', '2023-07-24', '2023-02-11 13:31:53', '2023-09-01 07:37:42', NULL, NULL, '1'),
(21, '14', 'Lionello Pirdy', '4th Floor', '6291962596', 'lpirdyk@mail.ru', NULL, '962391162', '3', '2023-02-28', '2023-01-23 19:00:35', '2023-11-08 17:22:45', NULL, NULL, '1'),
(22, '20', 'Torrance Papworth', 'Room 804', '8479060369', 'tpapworthl@comcast.net', NULL, '463136331', '3', '2023-06-09', '2024-02-13 09:08:43', '2023-04-07 05:41:17', NULL, NULL, '0'),
(23, '25', 'Mercedes Balaison', 'PO Box 22841', '3496275347', 'mbalaisonm@etsy.com', NULL, '338754879', '4', '2023-09-30', '2024-01-24 13:55:34', '2023-09-28 15:14:17', NULL, NULL, '0'),
(24, '20', 'Mary Dabell', 'Apt 1133', '4397740887', 'mdabelln@purevolume.com', NULL, '29028625', '2', '2024-03-26', '2023-09-26 16:06:25', '2023-12-30 12:50:27', NULL, NULL, '1'),
(25, '38', 'Claresta Oxford', 'Apt 611', '1719225913', 'coxfordo@de.vu', NULL, '476185297', '3', '2024-02-07', '2024-01-23 22:16:14', '2023-10-24 20:38:48', NULL, NULL, '1'),
(26, '15', 'Dan McNaughton', 'PO Box 83725', '1086521362', 'dmcnaughtonp@last.fm', NULL, '236596375', '2', '2024-04-08', '2024-02-18 04:25:16', '2023-11-10 19:25:25', NULL, NULL, '1'),
(27, '36', 'Rafaelita Bellward', 'Suite 36', '6584364073', 'rbellwardq@unblog.fr', NULL, '278140342', '4', '2023-01-22', '2024-03-11 08:58:41', '2023-06-21 10:26:30', NULL, NULL, '0'),
(28, '9', 'Shae Paulino', '12th Floor', '8231031056', 'spaulinor@theatlantic.com', NULL, '386486447', '3', '2024-01-05', '2024-02-20 10:19:31', '2023-04-09 00:56:00', NULL, NULL, '0'),
(29, '24', 'Harbert Rappa', '16th Floor', '4179656266', 'hrappas@g.co', NULL, '228039990', '2', '2023-05-28', '2023-07-21 23:42:30', '2023-12-09 00:40:54', NULL, NULL, '1'),
(30, '1', 'Paola Breewood', 'Room 1856', '7211170880', 'pbreewoodt@ustream.tv', NULL, '827364032', '2', '2024-03-12', '2023-12-28 17:33:38', '2023-11-20 15:58:32', NULL, NULL, '0'),
(31, '24', 'Enos Robey', 'Suite 95', '6723684840', 'erobeyu@instagram.com', NULL, '733183740', '2', '2023-10-16', '2023-11-04 19:12:11', '2023-06-08 09:33:41', NULL, NULL, '0'),
(32, '36', 'Ignace Ionn', 'Apt 488', '9104785084', 'iionnv@wiley.com', NULL, '11599757', '2', '2024-03-24', '2024-02-11 23:45:38', '2023-01-20 05:46:15', NULL, NULL, '1'),
(33, '34', 'Glenine Spuffard', 'PO Box 60874', '1745697518', 'gspuffardw@comsenz.com', NULL, '72551804', '2', '2023-02-27', '2023-12-08 12:32:03', '2023-08-09 03:44:03', NULL, NULL, '1'),
(34, '19', 'Maximilian Raccio', 'Apt 1316', '1849276471', 'mracciox@macromedia.com', NULL, '998857461', '3', '2023-05-19', '2023-03-10 22:36:09', '2024-03-16 20:25:18', NULL, NULL, '0'),
(35, '11', 'Nina Muddiman', 'Apt 26', '5227279054', 'nmuddimany@hhs.gov', NULL, '897939366', '4', '2024-04-19', '2024-01-23 19:32:09', '2023-12-03 05:38:59', NULL, NULL, '0'),
(36, '15', 'Jourdain Camillo', 'PO Box 19327', '5107162812', 'jcamilloz@feedburner.com', NULL, '335835703', '2', '2024-03-21', '2024-04-12 15:29:11', '2023-04-30 23:56:39', NULL, NULL, '0'),
(37, '21', 'Lukas Leversha', 'PO Box 3789', '3477324750', 'lleversha10@oaic.gov.au', NULL, '906921189', '4', '2024-04-06', '2024-03-31 16:06:15', '2023-11-21 15:47:08', NULL, NULL, '1'),
(38, '39', 'Leyla Lazer', '2nd Floor', '3066598365', 'llazer11@illinois.edu', NULL, '691019506', '2', '2023-09-25', '2023-03-02 13:02:46', '2023-09-24 17:43:06', NULL, NULL, '1'),
(39, '36', 'Fredek Mayler', 'Room 1239', '5859273768', 'fmayler12@blinklist.com', NULL, '848595940', '2', '2023-07-31', '2023-03-06 12:51:15', '2023-04-13 18:47:10', NULL, NULL, '0'),
(40, '23', 'Denyse McCambrois', '3rd Floor', '7746889317', 'dmccambrois13@fotki.com', NULL, '901052873', '2', '2024-01-20', '2023-04-05 23:03:43', '2023-05-20 12:34:57', NULL, NULL, '1'),
(41, '36', 'Lorita Beane', 'PO Box 61459', '4253637243', 'lbeane14@nyu.edu', NULL, '39308542', '3', '2023-04-11', '2023-12-08 08:12:47', '2023-11-15 16:55:43', NULL, NULL, '1'),
(42, '9', 'Marthena Pilipyak', '18th Floor', '8433984202', 'mpilipyak15@youtu.be', NULL, '251634779', '4', '2024-04-14', '2023-06-12 20:50:50', '2023-10-20 05:47:01', NULL, NULL, '1'),
(43, '44', 'Sibley Hatter', 'PO Box 93830', '6513499476', 'shatter16@angelfire.com', NULL, '109642001', '2', '2024-02-01', '2023-08-19 08:10:55', '2023-06-12 01:34:28', NULL, NULL, '1'),
(44, '21', 'Joly Back', 'Apt 1894', '5317087575', 'jback17@xinhuanet.com', NULL, '1015919', '3', '2023-10-04', '2023-04-08 05:07:40', '2023-05-21 10:32:08', NULL, NULL, '1'),
(45, '14', 'Caroljean Lukehurst', 'PO Box 77147', '7856358602', 'clukehurst18@omniture.com', NULL, '871107406', '3', '2023-07-11', '2023-01-13 11:00:59', '2023-07-07 19:59:11', NULL, NULL, '1'),
(46, '4', 'Jeannette Franciskiewicz', 'Room 417', '7648195581', 'jfranciskiewicz19@blogspot.com', NULL, '625466277', '2', '2024-01-08', '2023-05-07 09:52:26', '2024-03-12 00:38:31', NULL, NULL, '1'),
(47, '1', 'Jemimah McLeary', '18th Floor', '3527098097', 'jmcleary1a@edublogs.org', NULL, '677055497', '3', '2023-09-22', '2023-02-28 07:25:28', '2023-05-07 01:26:12', NULL, NULL, '0'),
(48, '30', 'Chrissie Tapner', 'PO Box 9342', '1895907739', 'ctapner1b@un.org', NULL, '819329612', '3', '2023-09-10', '2024-02-24 17:05:10', '2023-07-17 09:54:18', NULL, NULL, '0'),
(49, '39', 'Saree Jewson', 'PO Box 314', '7123682166', 'sjewson1c@youku.com', NULL, '681524787', '4', '2023-04-17', '2024-01-07 00:12:24', '2023-06-20 12:04:43', NULL, NULL, '0'),
(50, '31', 'Clementius Heyburn', 'Room 1717', '4955767261', 'cheyburn1d@goodreads.com', NULL, '992519139', '2', '2023-05-07', '2023-05-25 10:05:13', '2023-08-05 18:20:17', NULL, NULL, '0'),
(51, '25', 'Berget Strognell', 'Room 239', '8187972316', 'bstrognell1e@cafepress.com', NULL, '240788099', '4', '2024-01-21', '2023-08-09 18:36:35', '2023-10-17 10:20:07', NULL, NULL, '0'),
(52, '48', 'Barry Deadman', 'PO Box 45735', '3505265279', 'bdeadman1f@cbslocal.com', NULL, '639346204', '4', '2023-07-05', '2023-12-27 06:55:41', '2023-10-11 08:46:01', NULL, NULL, '1'),
(53, '35', 'Sigrid Kleinmann', 'Suite 61', '1137668807', 'skleinmann1g@ebay.com', NULL, '658056712', '4', '2023-08-03', '2023-01-27 03:30:44', '2023-05-03 18:24:54', NULL, NULL, '1'),
(54, '1', 'Wells Newlyn', '8th Floor', '4247221643', 'wnewlyn1h@uol.com.br', NULL, '793241150', '4', '2023-08-24', '2023-11-01 17:18:17', '2024-04-07 19:09:42', NULL, NULL, '0'),
(55, '50', 'Blaire Spikeings', '8th Floor', '6796111546', 'bspikeings1i@dedecms.com', NULL, '366531457', '3', '2024-03-08', '2023-02-09 14:08:12', '2023-11-25 07:22:27', NULL, NULL, '0'),
(56, '38', 'Tamas Jee', 'Room 455', '6826445066', 'tjee1j@techcrunch.com', NULL, '833801113', '3', '2024-03-04', '2023-02-16 18:59:15', '2023-06-14 19:54:46', NULL, NULL, '0'),
(57, '3', 'Tanya Sissel', '3rd Floor', '3718964394', 'tsissel1k@ox.ac.uk', NULL, '672218355', '4', '2024-02-04', '2024-02-15 14:21:23', '2024-03-16 19:00:57', NULL, NULL, '0'),
(58, '45', 'Jamal Menel', 'Apt 596', '7881515935', 'jmenel1l@google.nl', NULL, '511526611', '2', '2024-04-16', '2023-08-16 12:44:12', '2023-08-04 18:27:28', NULL, NULL, '1'),
(59, '24', 'Luther Burgoine', '5th Floor', '8341020927', 'lburgoine1m@i2i.jp', NULL, '6485739', '4', '2023-08-12', '2023-11-22 18:38:48', '2023-03-08 01:48:40', NULL, NULL, '1'),
(60, '28', 'Lorrin Hiner', 'Room 86', '8903794921', 'lhiner1n@over-blog.com', NULL, '431734146', '2', '2024-02-20', '2023-10-08 12:31:34', '2024-04-20 05:46:54', NULL, NULL, '0'),
(61, '16', 'Nikolai McCorley', 'Apt 948', '7445303066', 'nmccorley1o@scientificamerican.com', NULL, '691095775', '3', '2023-05-02', '2023-02-25 22:03:32', '2023-05-21 05:41:27', NULL, NULL, '1'),
(62, '29', 'Kaine Stonard', 'Room 951', '1881844235', 'kstonard1p@opera.com', NULL, '990792460', '2', '2023-10-07', '2023-04-07 05:41:07', '2023-11-05 11:43:18', NULL, NULL, '0'),
(63, '4', 'Anastassia Pask', 'Suite 47', '6966608068', 'apask1q@opensource.org', NULL, '914784046', '2', '2023-01-07', '2023-03-18 18:35:04', '2023-11-10 06:51:28', NULL, NULL, '0'),
(64, '6', 'Catlaina Lauridsen', '20th Floor', '2643162801', 'clauridsen1r@bbc.co.uk', NULL, '748761875', '3', '2023-09-01', '2023-08-13 00:09:46', '2024-04-01 20:44:42', NULL, NULL, '1'),
(65, '43', 'Nissie Witter', 'Suite 15', '3512701626', 'nwitter1s@mayoclinic.com', NULL, '476719471', '4', '2023-03-25', '2023-09-20 08:34:19', '2023-07-18 08:23:20', NULL, NULL, '0'),
(66, '21', 'Toby Mower', 'Suite 2', '6499057526', 'tmower1t@google.fr', NULL, '713100291', '2', '2023-01-21', '2023-04-19 11:01:51', '2023-04-22 06:49:23', NULL, NULL, '0'),
(67, '31', 'Wheeler Bethel', 'Room 1991', '9577361133', 'wbethel1u@vistaprint.com', NULL, '939773879', '3', '2024-03-22', '2023-05-22 18:08:32', '2024-01-01 23:23:14', NULL, NULL, '1'),
(68, '28', 'Archibaldo Huitson', 'Suite 86', '4031825918', 'ahuitson1v@sun.com', NULL, '668580080', '2', '2024-04-25', '2023-01-22 08:17:58', '2023-05-07 10:34:44', NULL, NULL, '0'),
(69, '11', 'Kristo Jorg', 'PO Box 87737', '4537491420', 'kjorg1w@1688.com', NULL, '847499668', '4', '2023-05-21', '2023-09-07 00:19:30', '2023-08-12 06:49:42', NULL, NULL, '0'),
(70, '30', 'Allistir Lardier', 'Room 870', '4829719532', 'alardier1x@irs.gov', NULL, '227203582', '2', '2024-01-11', '2024-03-17 11:52:53', '2024-04-25 02:45:28', NULL, NULL, '1'),
(71, '35', 'Idalia Ditch', 'Suite 23', '6115578685', 'iditch1y@businessinsider.com', NULL, '454555301', '4', '2023-11-27', '2024-02-15 19:09:30', '2023-07-12 20:28:51', NULL, NULL, '0'),
(72, '6', 'Zaccaria Jerred', 'Suite 19', '9043791297', 'zjerred1z@statcounter.com', NULL, '334618725', '4', '2023-01-10', '2023-11-21 00:30:40', '2023-10-04 23:39:57', NULL, NULL, '1'),
(73, '11', 'Raquel Sainsbury-Brown', 'Room 100', '7632363224', 'rsainsburybrown20@list-manage.com', NULL, '113132321', '2', '2023-03-28', '2024-03-20 01:00:55', '2023-03-25 23:00:31', NULL, NULL, '0'),
(74, '2', 'Vyky Ick', '6th Floor', '1964603355', 'vick21@google.cn', NULL, '360696823', '3', '2023-06-19', '2023-04-25 19:06:16', '2023-10-20 18:24:38', NULL, NULL, '1'),
(75, '48', 'Barr Braxton', 'Apt 1091', '8171053585', 'bbraxton22@mayoclinic.com', NULL, '545741207', '2', '2023-09-06', '2023-08-31 16:48:20', '2023-06-21 12:18:24', NULL, NULL, '1'),
(76, '47', 'Annabella Gervaise', 'Room 1509', '5695313528', 'agervaise23@imageshack.us', NULL, '138347091', '2', '2024-04-24', '2023-02-24 10:55:37', '2023-08-30 20:29:26', NULL, NULL, '1'),
(77, '23', 'Avrom Fawbert', 'Suite 75', '5976132344', 'afawbert24@wordpress.org', NULL, '139827717', '2', '2023-05-02', '2023-12-25 10:36:14', '2023-02-25 22:25:45', NULL, NULL, '1'),
(78, '44', 'Tate McSwan', 'PO Box 52822', '5146820292', 'tmcswan25@issuu.com', NULL, '823960698', '2', '2023-01-08', '2024-04-15 14:08:13', '2023-11-28 07:00:11', NULL, NULL, '1'),
(79, '22', 'Sanford Inger', '20th Floor', '7474330624', 'singer26@51.la', NULL, '292955533', '3', '2023-07-09', '2023-08-01 12:33:31', '2023-05-08 22:38:10', NULL, NULL, '1'),
(80, '42', 'Jeanette Patesel', '5th Floor', '7788747040', 'jpatesel27@telegraph.co.uk', NULL, '807411685', '3', '2023-08-13', '2023-11-15 08:55:01', '2023-06-07 16:46:57', NULL, NULL, '1'),
(81, '18', 'Shandee Carlett', '8th Floor', '3501814014', 'scarlett28@rambler.ru', NULL, '977224636', '2', '2023-07-05', '2023-06-15 01:02:05', '2023-07-03 02:37:42', NULL, NULL, '1'),
(82, '32', 'Nicoline Wyldbore', 'Suite 49', '6544176981', 'nwyldbore29@google.nl', NULL, '525593441', '2', '2024-04-28', '2023-12-15 10:41:23', '2023-02-26 18:31:43', NULL, NULL, '0'),
(83, '19', 'Marchall Prendergrast', 'PO Box 20503', '1221448246', 'mprendergrast2a@yelp.com', NULL, '539271992', '2', '2023-05-10', '2024-01-26 13:20:43', '2023-12-30 11:45:30', NULL, NULL, '0'),
(84, '16', 'Lucita Finders', '2nd Floor', '9273998620', 'lfinders2b@opensource.org', NULL, '62288441', '3', '2024-01-21', '2024-04-25 15:02:55', '2024-01-15 20:51:25', NULL, NULL, '1'),
(85, '24', 'Jeth Benton', 'Suite 76', '6806201266', 'jbenton2c@taobao.com', NULL, '201012330', '4', '2023-08-26', '2023-04-23 23:27:38', '2023-12-21 12:06:33', NULL, NULL, '1'),
(86, '16', 'Sadie Tineman', 'Suite 91', '4523240418', 'stineman2d@amazon.co.uk', NULL, '334631379', '2', '2023-12-26', '2023-01-01 17:14:49', '2023-07-19 14:02:05', NULL, NULL, '0'),
(87, '15', 'Ayn Penwright', 'Suite 26', '3683988532', 'apenwright2e@wikia.com', NULL, '401569490', '4', '2023-02-21', '2023-10-12 13:25:59', '2023-08-04 10:37:55', NULL, NULL, '0'),
(88, '44', 'Aurelie Bevir', 'Room 854', '5919289394', 'abevir2f@ning.com', NULL, '86987798', '3', '2024-04-29', '2023-07-24 13:20:00', '2023-05-04 21:57:48', NULL, NULL, '1'),
(89, '49', 'Allison Dametti', 'Suite 66', '9699984823', 'adametti2g@icq.com', NULL, '80938989', '4', '2024-04-05', '2023-12-17 05:09:55', '2024-04-12 10:21:02', NULL, NULL, '0'),
(90, '34', 'Alfred O\'Beirne', 'Apt 622', '6248635145', 'aobeirne2h@whitehouse.gov', NULL, '776835355', '2', '2024-02-24', '2023-05-23 18:48:40', '2024-02-25 14:25:54', NULL, NULL, '1'),
(91, '5', 'Kathie Rimbault', '5th Floor', '8382032980', 'krimbault2i@dagondesign.com', NULL, '839203830', '4', '2024-04-15', '2023-03-30 03:38:59', '2023-04-10 07:01:11', NULL, NULL, '1'),
(92, '40', 'Reid Darker', 'Apt 1789', '7408807925', 'rdarker2j@mediafire.com', NULL, '925314789', '4', '2023-08-19', '2023-08-26 23:43:14', '2024-03-31 14:42:22', NULL, NULL, '0'),
(93, '10', 'Dina Brooking', '16th Floor', '1005379217', 'dbrooking2k@craigslist.org', NULL, '83994948', '2', '2023-08-30', '2023-05-10 21:38:46', '2024-01-08 06:31:51', NULL, NULL, '0'),
(94, '17', 'Nan Lohan', 'Apt 1363', '9981016274', 'nlohan2l@sfgate.com', NULL, '100981116', '2', '2023-02-12', '2023-09-23 14:02:49', '2023-07-12 16:32:20', NULL, NULL, '1'),
(95, '37', 'Sharlene Mongain', 'Suite 4', '1398709403', 'smongain2m@flavors.me', NULL, '320822129', '2', '2023-09-23', '2023-08-24 23:02:27', '2024-03-24 05:16:32', NULL, NULL, '0'),
(96, '41', 'Maryjane Ingerson', 'Suite 22', '6773485855', 'mingerson2n@artisteer.com', NULL, '25784713', '2', '2024-04-16', '2023-05-26 19:58:32', '2024-02-05 13:42:24', NULL, NULL, '0'),
(97, '40', 'Kleon Venditti', 'Room 1799', '4344812028', 'kvenditti2o@npr.org', NULL, '713829557', '3', '2023-07-05', '2023-05-20 20:31:29', '2024-01-01 21:25:53', NULL, NULL, '0'),
(98, '39', 'Gwenette McReynolds', 'Apt 1430', '2349280824', 'gmcreynolds2p@qq.com', NULL, '264326632', '3', '2023-04-05', '2023-02-20 08:30:05', '2023-07-05 07:41:20', NULL, NULL, '0'),
(99, '44', 'Agneta Coultas', 'Room 1102', '9926723046', 'acoultas2q@biblegateway.com', NULL, '891417896', '4', '2023-09-17', '2024-03-22 03:36:30', '2023-07-19 18:12:58', NULL, NULL, '0'),
(100, '42', 'Sullivan Kigelman', 'PO Box 23449', '9886006026', 'skigelman2r@wordpress.org', NULL, '284391935', '2', '2023-11-02', '2023-02-08 16:51:43', '2023-03-31 13:49:25', NULL, NULL, '0'),
(101, '48', 'Ernie Karby', 'PO Box 88179', '6024834835', 'ekarby2s@hatena.ne.jp', NULL, '770297675', '4', '2024-04-03', '2023-10-27 17:28:38', '2023-03-05 10:06:40', NULL, NULL, '1'),
(102, '22', 'Aili De Miranda', 'Apt 1082', '3495219302', 'ade2t@shinystat.com', NULL, '982257111', '4', '2023-08-04', '2023-08-20 15:39:38', '2023-10-25 03:15:25', NULL, NULL, '1'),
(103, '20', 'Karly Espinet', 'PO Box 58350', '6448791550', 'kespinet2u@earthlink.net', NULL, '536039', '2', '2023-06-17', '2023-06-07 03:22:25', '2023-09-22 02:49:39', NULL, NULL, '0'),
(104, '38', 'Elke Petegrew', 'Room 541', '6761566935', 'epetegrew2v@cmu.edu', NULL, '568274681', '3', '2023-11-05', '2023-10-15 00:48:31', '2024-04-04 14:42:16', NULL, NULL, '1'),
(106, '36', 'Sibyl Batcock', 'PO Box 17685', '5022653138', 'sbatcock2x@house.gov', NULL, '220467733', '4', '2023-09-20', '2023-03-07 06:29:54', '2024-03-25 00:26:05', NULL, NULL, '1'),
(107, '36', 'Sallyanne Girvan', 'Suite 54', '8261014704', 'sgirvan2y@com.com', NULL, '633195739', '4', '2024-03-30', '2023-01-15 11:23:40', '2024-04-09 05:06:23', NULL, NULL, '1'),
(108, '48', 'Tallie Dinneges', 'Apt 1696', '2241930838', 'tdinneges2z@utexas.edu', NULL, '798211252', '2', '2023-10-04', '2023-09-28 14:22:09', '2024-02-11 21:21:31', NULL, NULL, '0'),
(109, '13', 'Ulric Trobe', '11th Floor', '2883974904', 'utrobe30@stumbleupon.com', NULL, '267195078', '3', '2023-05-27', '2023-07-11 11:53:07', '2023-02-22 01:52:03', NULL, NULL, '0'),
(110, '22', 'Dodie Disney', 'PO Box 66430', '3908323770', 'ddisney31@surveymonkey.com', NULL, '38957632', '2', '2023-04-10', '2023-11-06 18:03:58', '2023-04-19 03:29:06', NULL, NULL, '1'),
(111, '10', 'Toby Eslie', 'Apt 341', '1072596344', 'teslie32@skyrock.com', NULL, '145602728', '4', '2023-04-24', '2023-12-02 05:08:07', '2023-06-30 04:27:41', NULL, NULL, '0'),
(112, '5', 'Launce Feares', 'PO Box 12845', '2798292244', 'lfeares33@youtu.be', NULL, '703625843', '4', '2024-05-02', '2024-03-12 15:05:37', '2023-05-18 11:17:06', NULL, NULL, '1'),
(113, '37', 'Beitris Habershaw', 'Suite 14', '4718259470', 'bhabershaw34@marketwatch.com', NULL, '680447377', '3', '2024-02-29', '2024-01-05 04:25:12', '2023-04-06 00:33:10', NULL, NULL, '1'),
(114, '28', 'Beilul Rattray', 'Suite 11', '9603857059', 'brattray35@cornell.edu', NULL, '272135306', '2', '2023-11-06', '2024-01-09 23:41:38', '2024-02-13 03:38:13', NULL, NULL, '1'),
(115, '28', 'Dyna Benda', 'Suite 52', '2349978284', 'dbenda36@symantec.com', NULL, '303176831', '4', '2023-02-24', '2023-03-07 08:42:22', '2023-06-19 20:13:12', NULL, NULL, '0'),
(116, '46', 'Nevins Ubanks', 'Suite 43', '4088428781', 'nubanks37@skype.com', NULL, '612874139', '3', '2023-12-07', '2024-02-20 21:56:43', '2023-11-05 15:54:09', NULL, NULL, '1'),
(117, '25', 'Burton Gaynor', 'Suite 61', '1741237850', 'bgaynor38@shutterfly.com', NULL, '637555204', '3', '2023-10-15', '2023-06-18 12:05:42', '2023-02-06 12:11:59', NULL, NULL, '1'),
(118, '8', 'Jammal Faulkener', 'Suite 53', '5201620365', 'jfaulkener39@unc.edu', NULL, '524093173', '4', '2023-05-20', '2023-12-22 15:39:27', '2023-09-01 16:03:17', NULL, NULL, '1'),
(119, '40', 'Napoleon Gallagher', 'Apt 1224', '3459779297', 'ngallagher3a@wix.com', NULL, '706111251', '4', '2024-04-21', '2023-07-08 13:50:24', '2023-08-28 21:22:22', NULL, NULL, '1'),
(120, '31', 'Flora Bolter', 'Suite 49', '6352996799', 'fbolter3b@springer.com', NULL, '544985880', '2', '2023-02-18', '2023-11-23 04:10:36', '2023-09-19 13:14:56', NULL, NULL, '0'),
(121, '45', 'Amber Skettles', 'Room 1924', '6835551526', 'askettles3c@time.com', NULL, '910386142', '2', '2023-01-11', '2023-12-21 20:45:49', '2023-11-03 13:36:31', NULL, NULL, '1'),
(122, '50', 'Kathye Hodgen', '10th Floor', '6403550743', 'khodgen3d@uol.com.br', NULL, '133456991', '3', '2023-02-18', '2023-05-10 05:30:31', '2023-04-16 17:40:08', NULL, NULL, '1'),
(123, '48', 'Georgena MacNalley', 'PO Box 97699', '5878946550', 'gmacnalley3e@ycombinator.com', NULL, '454684747', '4', '2024-03-01', '2023-01-19 14:38:48', '2023-04-14 21:10:43', NULL, NULL, '0'),
(124, '39', 'Elvira Grealish', 'Suite 78', '7087918624', 'egrealish3f@infoseek.co.jp', NULL, '592413796', '3', '2024-01-25', '2023-03-30 04:12:32', '2023-06-25 21:10:14', NULL, NULL, '0'),
(125, '33', 'Giulietta Corbie', 'PO Box 37840', '4668689463', 'gcorbie3g@xinhuanet.com', NULL, '955893522', '2', '2023-01-29', '2023-04-02 05:07:17', '2023-09-14 12:54:08', NULL, NULL, '1'),
(126, '38', 'Zoe Greason', '2nd Floor', '9593099077', 'zgreason3h@surveymonkey.com', NULL, '561397465', '4', '2023-11-13', '2024-03-18 10:30:03', '2024-04-10 18:57:03', NULL, NULL, '0'),
(127, '6', 'Bastian Hacard', 'Suite 36', '5645940728', 'bhacard3i@comcast.net', NULL, '512921840', '2', '2023-08-23', '2023-07-21 05:16:38', '2024-02-26 10:27:39', NULL, NULL, '0'),
(128, '30', 'Diandra Sollom', 'PO Box 79031', '3297479908', 'dsollom3j@sitemeter.com', NULL, '518776192', '3', '2023-12-28', '2024-01-17 16:07:57', '2023-06-28 02:25:51', NULL, NULL, '0'),
(129, '7', 'Way Zanardii', 'Apt 1409', '8317681086', 'wzanardii3k@newsvine.com', NULL, '862242540', '3', '2023-04-14', '2023-05-06 02:37:46', '2023-06-15 14:29:57', NULL, NULL, '1'),
(130, '32', 'Magdalen MacRedmond', 'Suite 60', '3391831039', 'mmacredmond3l@w3.org', NULL, '556552082', '2', '2024-04-21', '2024-02-14 03:39:22', '2023-02-25 02:38:54', NULL, NULL, '1'),
(131, '21', 'Jewelle Vedeniktov', 'Suite 18', '6427430502', 'jvedeniktov3m@squarespace.com', NULL, '256430116', '2', '2023-07-27', '2023-04-28 13:10:56', '2023-04-29 22:09:29', NULL, NULL, '1'),
(132, '49', 'Sharleen Gallacher', 'PO Box 24861', '1747104908', 'sgallacher3n@ifeng.com', NULL, '10175701', '4', '2023-05-30', '2023-04-24 02:46:55', '2023-06-08 07:36:17', NULL, NULL, '1'),
(133, '7', 'Neile Colborn', 'Suite 52', '3844522003', 'ncolborn3o@howstuffworks.com', NULL, '505999510', '2', '2023-07-10', '2023-01-09 21:44:09', '2023-12-11 07:00:33', NULL, NULL, '1'),
(134, '3', 'Hope Mandel', '19th Floor', '5015792676', 'hmandel3p@reddit.com', NULL, '414497457', '4', '2023-10-19', '2023-05-16 18:43:26', '2023-07-12 20:15:48', NULL, NULL, '1'),
(135, '19', 'Lyndsey Kibbey', 'Room 1963', '1837990434', 'lkibbey3q@bing.com', NULL, '812960226', '2', '2023-07-27', '2023-06-19 22:45:57', '2024-01-07 20:58:57', NULL, NULL, '0'),
(136, '49', 'Harcourt McGarrie', 'Suite 18', '3504762664', 'hmcgarrie3r@auda.org.au', NULL, '787273100', '4', '2023-02-18', '2024-04-06 21:49:37', '2024-04-27 04:47:26', NULL, NULL, '1'),
(137, '23', 'Marilin Francois', '1st Floor', '6086977453', 'mfrancois3s@businessweek.com', NULL, '290732495', '3', '2024-01-23', '2023-08-09 14:32:15', '2024-02-03 09:54:01', NULL, NULL, '1'),
(138, '26', 'Lauren Dillway', 'Suite 47', '8134945698', 'ldillway3t@dell.com', NULL, '758416655', '4', '2023-02-12', '2023-07-22 03:41:38', '2024-03-25 01:55:52', NULL, NULL, '0'),
(139, '24', 'Lynnelle Ducham', 'PO Box 61712', '6381973437', 'lducham3u@ucoz.ru', NULL, '302692960', '2', '2023-02-25', '2024-02-17 16:35:55', '2023-03-21 17:02:27', NULL, NULL, '0'),
(140, '16', 'Kearney Orht', 'Apt 91', '1604993049', 'korht3v@craigslist.org', NULL, '560767357', '4', '2023-05-15', '2024-03-07 20:21:54', '2023-11-05 19:37:39', NULL, NULL, '0'),
(141, '16', 'Olwen Ing', 'Room 817', '4193644309', 'oing3w@adobe.com', NULL, '162499954', '4', '2023-03-15', '2023-06-26 18:44:46', '2023-06-15 00:26:48', NULL, NULL, '1'),
(142, '45', 'Ragnar Dominguez', '4th Floor', '4759124048', 'rdominguez3x@e-recht24.de', NULL, '717946074', '4', '2023-03-19', '2023-02-12 20:43:24', '2024-02-06 22:21:45', NULL, NULL, '0'),
(143, '6', 'Rowland Luckwell', '15th Floor', '8223383716', 'rluckwell3y@arstechnica.com', NULL, '381694223', '2', '2023-05-03', '2023-12-30 18:21:43', '2023-07-28 11:41:45', NULL, NULL, '1'),
(144, '35', 'Thorpe Kibby', 'Room 1374', '7209522354', 'tkibby3z@google.ca', NULL, '706809673', '3', '2024-03-30', '2023-08-30 21:29:26', '2023-05-15 21:43:53', NULL, NULL, '1'),
(145, '28', 'Oren Sellar', 'Room 1411', '3802949869', 'osellar40@earthlink.net', NULL, '590842155', '3', '2023-09-19', '2023-06-16 21:07:36', '2024-01-05 13:38:09', NULL, NULL, '0'),
(146, '27', 'Tandie Balchen', 'PO Box 86780', '9156617260', 'tbalchen41@epa.gov', NULL, '732150231', '2', '2023-03-09', '2023-04-08 04:28:17', '2023-09-04 00:44:12', NULL, NULL, '1'),
(147, '16', 'Eilis Roycroft', 'PO Box 7219', '2956855083', 'eroycroft42@google.co.uk', NULL, '963548343', '3', '2023-08-24', '2023-04-25 09:05:52', '2023-02-06 14:00:42', NULL, NULL, '0'),
(148, '17', 'Brady Bachelor', 'Apt 1002', '1367221891', 'bbachelor43@networksolutions.com', NULL, '72697783', '3', '2023-11-29', '2023-06-23 08:37:20', '2023-12-12 11:28:50', NULL, NULL, '0'),
(149, '40', 'Missy Casero', 'Room 1053', '2523018193', 'mcasero44@prlog.org', NULL, '992676630', '2', '2024-01-06', '2023-01-02 18:30:16', '2023-10-30 08:36:03', NULL, NULL, '0'),
(150, '5', 'Moll Washtell', 'Apt 695', '3972532041', 'mwashtell45@japanpost.jp', NULL, '941104907', '2', '2023-11-18', '2023-03-20 08:20:06', '2023-03-01 10:33:23', NULL, NULL, '0'),
(151, '4', 'Cello Hansard', '19th Floor', '2711485991', 'chansard46@meetup.com', NULL, '70286884', '4', '2024-04-13', '2023-06-13 09:59:36', '2023-06-10 01:39:06', NULL, NULL, '1'),
(152, '9', 'Jo Fessions', 'Room 887', '6665888353', 'jfessions47@spiegel.de', NULL, '239094077', '4', '2023-05-07', '2024-01-30 17:34:29', '2023-12-19 21:00:19', NULL, NULL, '0'),
(153, '26', 'Sayres Cregg', 'Apt 1623', '7109258151', 'scregg48@domainmarket.com', NULL, '812567870', '2', '2023-04-21', '2023-03-30 18:50:37', '2023-08-10 00:50:19', NULL, NULL, '0'),
(154, '14', 'Mahmoud Castagne', 'Room 504', '3059144073', 'mcastagne49@fotki.com', NULL, '980247922', '2', '2023-01-03', '2024-03-10 00:43:45', '2024-02-23 08:40:03', NULL, NULL, '1'),
(155, '34', 'Page McIlvaney', 'Room 1793', '1328383755', 'pmcilvaney4a@wordpress.org', NULL, '824199757', '4', '2023-03-10', '2023-10-09 07:16:34', '2024-03-16 00:04:08', NULL, NULL, '1'),
(156, '32', 'Adam Kirmond', '15th Floor', '8039558557', 'akirmond4b@dmoz.org', NULL, '318055653', '4', '2024-04-18', '2023-04-14 05:01:30', '2023-09-01 17:12:45', NULL, NULL, '1'),
(157, '26', 'Xena Langelay', '8th Floor', '5901516261', 'xlangelay4c@github.com', NULL, '439787207', '3', '2023-10-12', '2023-10-22 12:32:49', '2023-06-24 22:31:51', NULL, NULL, '1'),
(158, '50', 'Ralina McClymond', 'PO Box 77520', '7491447652', 'rmcclymond4d@about.com', NULL, '734182900', '4', '2023-04-29', '2023-06-29 00:51:46', '2023-04-03 06:05:06', NULL, NULL, '0'),
(160, '9', 'Reamonn Minghetti', 'Apt 491', '6995560401', 'rminghetti4f@comsenz.com', NULL, '898754292', '2', '2023-12-20', '2023-04-17 16:48:02', '2023-03-16 09:34:19', NULL, NULL, '0'),
(161, '15', 'Homerus Waslin', 'PO Box 52641', '3748999492', 'hwaslin4g@zdnet.com', NULL, '543443934', '4', '2023-02-02', '2023-09-21 11:55:26', '2023-06-18 21:30:29', NULL, NULL, '0'),
(162, '2', 'Samara Itzkowicz', 'Suite 51', '2779349496', 'sitzkowicz4h@prweb.com', NULL, '745364264', '4', '2023-06-07', '2023-07-19 10:50:15', '2023-08-08 02:43:50', NULL, NULL, '1'),
(163, '19', 'Gretchen Bowerman', '12th Floor', '1491573998', 'gbowerman4i@phpbb.com', NULL, '703728227', '2', '2024-02-20', '2023-02-07 08:10:39', '2024-03-28 07:48:49', NULL, NULL, '1'),
(165, '12', 'Olympie Birtwhistle', '8th Floor', '1609822127', 'obirtwhistle4k@mediafire.com', NULL, '349032611', '2', '2024-04-18', '2023-04-25 09:19:53', '2023-04-20 03:49:33', NULL, NULL, '1'),
(166, '2', 'Katleen McNiven', 'PO Box 41151', '1333167601', 'kmcniven4l@usatoday.com', NULL, '412295782', '3', '2023-09-04', '2023-08-17 16:41:58', '2023-12-21 15:15:28', NULL, NULL, '0'),
(167, '8', 'Germaine Andrieux', 'PO Box 94997', '4604138480', 'gandrieux4m@weibo.com', NULL, '171138611', '4', '2023-07-29', '2024-03-22 15:02:19', '2024-01-16 04:45:42', NULL, NULL, '0'),
(168, '50', 'Natty Ollington', 'PO Box 53026', '2572441444', 'nollington4n@nytimes.com', NULL, '902846006', '2', '2023-04-02', '2023-09-29 03:45:11', '2024-05-01 13:00:33', NULL, NULL, '0'),
(169, '41', 'Merrie Dalglish', 'Suite 42', '4572428879', 'mdalglish4o@parallels.com', NULL, '145465281', '4', '2024-02-27', '2023-01-10 02:35:38', '2023-03-08 00:54:11', NULL, NULL, '0'),
(170, '27', 'Tadio Jelleman', 'PO Box 63416', '4286279167', 'tjelleman4p@google.es', NULL, '21356923', '2', '2023-06-05', '2023-01-23 14:21:32', '2023-01-26 00:26:32', NULL, NULL, '1'),
(171, '49', 'Diann Cribbins', 'Apt 615', '8733021428', 'dcribbins4q@deviantart.com', NULL, '403383412', '4', '2023-11-10', '2023-05-01 15:42:30', '2023-06-23 11:30:32', NULL, NULL, '0'),
(172, '35', 'Grazia Joney', 'Apt 1068', '6018693230', 'gjoney4r@illinois.edu', NULL, '538406538', '4', '2023-08-11', '2023-05-20 13:32:05', '2023-12-17 21:23:52', NULL, NULL, '1'),
(173, '32', 'Towny Ruberry', 'PO Box 35204', '6812565498', 'truberry4s@pinterest.com', NULL, '17891391', '2', '2023-08-12', '2023-11-08 23:13:50', '2024-04-17 17:32:02', NULL, NULL, '1'),
(174, '14', 'Tommi Teggin', '8th Floor', '2992092385', 'tteggin4t@apache.org', NULL, '15190710', '2', '2023-04-19', '2023-05-17 19:37:45', '2023-01-30 00:35:59', NULL, NULL, '0'),
(175, '36', 'Marigold Tonbridge', 'Apt 1463', '1314965934', 'mtonbridge4u@wikia.com', NULL, '901965455', '3', '2023-05-02', '2024-03-12 02:01:01', '2023-07-10 09:27:26', NULL, NULL, '1'),
(176, '45', 'Mata Lunge', 'Apt 1507', '6846706257', 'mlunge4v@admin.ch', NULL, '870468917', '2', '2023-05-14', '2023-03-12 14:45:33', '2024-03-31 15:38:46', NULL, NULL, '1'),
(177, '41', 'Parsifal Sulland', 'Room 875', '9844367687', 'psulland4w@utexas.edu', NULL, '56702820', '2', '2024-01-10', '2023-02-02 15:25:02', '2023-06-14 03:32:21', NULL, NULL, '0'),
(178, '24', 'Rosemaria Phant', 'Suite 62', '8296438640', 'rphant4x@dagondesign.com', NULL, '373826400', '2', '2023-04-04', '2024-02-14 23:57:57', '2023-04-03 14:32:41', NULL, NULL, '0'),
(179, '5', 'Shandee Fantone', 'Room 400', '2265741865', 'sfantone4y@exblog.jp', NULL, '495538174', '4', '2023-09-08', '2023-10-23 18:31:11', '2023-03-08 13:33:17', NULL, NULL, '0'),
(180, '24', 'Robbert Coaten', '3rd Floor', '6195787314', 'rcoaten4z@jiathis.com', NULL, '227651536', '3', '2023-06-17', '2023-02-23 00:07:24', '2023-04-14 08:34:04', NULL, NULL, '0'),
(181, '27', 'Casey Daniell', 'Suite 54', '8764929710', 'cdaniell50@cbslocal.com', NULL, '260303521', '3', '2023-01-31', '2023-04-12 12:58:33', '2023-08-28 03:53:45', NULL, NULL, '1'),
(182, '33', 'Gibb Rhodus', 'PO Box 8742', '7506679975', 'grhodus51@jiathis.com', NULL, '421162532', '2', '2024-02-17', '2023-01-13 00:49:53', '2024-02-18 01:47:21', NULL, NULL, '0'),
(183, '17', 'Ware Scotchbrook', '12th Floor', '9778320161', 'wscotchbrook52@linkedin.com', NULL, '260506197', '4', '2024-01-18', '2023-07-07 20:13:12', '2023-12-15 06:12:34', NULL, NULL, '1'),
(184, '5', 'Tiffanie Nottram', 'Apt 232', '3871186415', 'tnottram53@dyndns.org', NULL, '12393875', '3', '2023-05-28', '2023-02-17 14:12:02', '2023-06-01 07:25:53', NULL, NULL, '0'),
(185, '45', 'Lucilia Prowse', 'Suite 42', '3593293345', 'lprowse54@behance.net', NULL, '62876068', '2', '2023-12-16', '2023-10-19 07:54:20', '2023-04-10 00:08:39', NULL, NULL, '0'),
(186, '37', 'Ogdon Stitson', 'Suite 62', '6436997801', 'ostitson55@comsenz.com', NULL, '119689862', '3', '2024-01-13', '2023-06-14 06:51:34', '2023-03-08 04:55:14', NULL, NULL, '1'),
(187, '7', 'Jarib Jukes', 'PO Box 7380', '3427405960', 'jjukes56@youku.com', NULL, '332075697', '3', '2023-09-09', '2023-08-19 12:13:05', '2023-08-02 16:28:33', NULL, NULL, '0'),
(188, '26', 'Karyl Radeliffe', 'Room 1011', '9914445100', 'kradeliffe57@creativecommons.org', NULL, '274931546', '2', '2023-03-05', '2023-01-09 18:15:02', '2023-09-15 22:53:37', NULL, NULL, '0'),
(190, '11', 'Meade Sharrem', '5th Floor', '1022177163', 'msharrem59@phoca.cz', NULL, '444931574', '3', '2024-01-25', '2023-09-28 12:17:59', '2023-12-02 08:31:29', NULL, NULL, '1'),
(191, '12', 'Lynda Grim', 'PO Box 26612', '5273651336', 'lgrim5a@gravatar.com', NULL, '225965487', '3', '2023-02-20', '2023-05-25 18:46:22', '2024-01-26 05:59:22', NULL, NULL, '1'),
(192, '30', 'Johnnie Castelijn', 'Room 1736', '1467242815', 'jcastelijn5b@guardian.co.uk', NULL, '265331000', '2', '2023-04-21', '2023-09-13 12:27:13', '2023-01-19 01:56:43', NULL, NULL, '1'),
(193, '1', 'Star Rickford', 'Suite 3', '9619653633', 'srickford5c@deliciousdays.com', NULL, '91294448', '3', '2023-11-22', '2023-01-25 22:36:33', '2023-01-30 15:44:00', NULL, NULL, '1'),
(194, '22', 'Flinn Pardal', 'Suite 48', '7721648056', 'fpardal5d@domainmarket.com', NULL, '899022446', '2', '2023-05-10', '2023-03-11 08:59:52', '2023-06-14 02:52:22', NULL, NULL, '0'),
(195, '7', 'Lanie Compston', 'Apt 1797', '6642469338', 'lcompston5e@pagesperso-orange.fr', NULL, '178561922', '3', '2023-06-07', '2024-01-19 19:40:30', '2023-06-13 09:28:30', NULL, NULL, '1'),
(196, '35', 'Cyrille McIlwain', '19th Floor', '8056992425', 'cmcilwain5f@51.la', NULL, '182353776', '3', '2024-02-28', '2024-01-26 05:13:15', '2024-03-01 12:41:36', NULL, NULL, '0'),
(197, '47', 'Jane Kingaby', 'Room 32', '2875791237', 'jkingaby5g@nsw.gov.au', NULL, '302552070', '3', '2024-04-13', '2023-12-16 19:24:00', '2023-04-16 10:15:32', NULL, NULL, '1'),
(198, '35', 'Carmelina Pheasant', 'Room 273', '6362524789', 'cpheasant5h@wordpress.org', NULL, '233991318', '4', '2023-07-23', '2023-10-26 21:16:22', '2023-10-05 13:07:58', NULL, NULL, '0'),
(199, '43', 'Cleavland Sliney', 'PO Box 66568', '6207376912', 'csliney5i@xing.com', NULL, '853669579', '2', '2023-10-02', '2023-06-18 04:11:32', '2023-07-24 22:22:43', NULL, NULL, '1'),
(200, '41', 'Robbi MacAnelley', 'Room 1451', '9634172007', 'rmacanelley5j@walmart.com', NULL, '509408486', '2', '2023-11-12', '2023-10-20 13:06:43', '2023-07-19 18:36:07', NULL, NULL, '0'),
(201, '1', 'Admin', 'Ha Noi', '0123456789', NULL, NULL, '17380000', '2', '2024-05-03', '2024-05-03 16:30:42', '2024-05-03 16:30:54', NULL, NULL, NULL),
(202, '2', 'User', 'Ha Noi', '0123456789', NULL, NULL, '29990000', '2', '2024-05-04', '2024-05-03 17:13:35', '2024-05-03 17:20:44', NULL, NULL, NULL);

-- --------------------------------------------------------

--
-- Table structure for table `password_resets`
--

CREATE TABLE `password_resets` (
  `email` varchar(255) NOT NULL,
  `token` varchar(255) NOT NULL,
  `created_at` timestamp NULL DEFAULT NULL
) ENGINE=InnoDB DEFAULT CHARSET=utf8mb4 COLLATE=utf8mb4_unicode_ci;

-- --------------------------------------------------------

--
-- Table structure for table `password_reset_tokens`
--

CREATE TABLE `password_reset_tokens` (
  `email` varchar(255) NOT NULL,
  `token` varchar(255) NOT NULL,
  `created_at` timestamp NULL DEFAULT NULL
) ENGINE=InnoDB DEFAULT CHARSET=utf8mb4 COLLATE=utf8mb4_unicode_ci;

-- --------------------------------------------------------

--
-- Table structure for table `personal_access_tokens`
--

CREATE TABLE `personal_access_tokens` (
  `id` bigint(20) UNSIGNED NOT NULL,
  `tokenable_type` varchar(255) NOT NULL,
  `tokenable_id` bigint(20) UNSIGNED NOT NULL,
  `name` varchar(255) NOT NULL,
  `token` varchar(64) NOT NULL,
  `abilities` text DEFAULT NULL,
  `last_used_at` timestamp NULL DEFAULT NULL,
  `expires_at` timestamp NULL DEFAULT NULL,
  `created_at` timestamp NULL DEFAULT NULL,
  `updated_at` timestamp NULL DEFAULT NULL
) ENGINE=InnoDB DEFAULT CHARSET=utf8mb4 COLLATE=utf8mb4_unicode_ci;

-- --------------------------------------------------------

--
-- Table structure for table `products`
--

CREATE TABLE `products` (
  `id` bigint(20) UNSIGNED NOT NULL,
  `name` varchar(255) DEFAULT NULL,
  `slug` varchar(255) DEFAULT NULL,
  `description_id` int(11) DEFAULT NULL,
  `review_id` int(11) DEFAULT NULL,
  `type_id` varchar(255) DEFAULT NULL,
  `deleted_at` timestamp NULL DEFAULT NULL,
  `created_at` timestamp NULL DEFAULT NULL,
  `updated_at` timestamp NULL DEFAULT NULL
) ENGINE=InnoDB DEFAULT CHARSET=utf8mb4 COLLATE=utf8mb4_unicode_ci;

--
-- Dumping data for table `products`
--

INSERT INTO `products` (`id`, `name`, `slug`, `description_id`, `review_id`, `type_id`, `deleted_at`, `created_at`, `updated_at`) VALUES
(1, 'Iphone 15 pro max', 'iphone-15-pro-ma', 1, NULL, '1', NULL, '2024-04-17 19:59:13', '2024-05-02 19:37:34'),
(4, 'Iphone 15', 'iphone-15', 6, NULL, '1', NULL, '2024-04-30 06:49:30', '2024-04-30 06:49:30'),
(5, 'iPhone 15 Pro', 'iphone-15-pro', 7, NULL, '1', NULL, '2024-05-02 21:06:04', '2024-05-02 21:06:04'),
(6, 'Iphone 14 pro max', 'iphone-14-pro-max', 8, NULL, '2', NULL, '2024-05-02 21:11:40', '2024-05-02 21:11:40'),
(7, 'MacBook Air 13 inch M3', 'macbook-air-13-inch-m3', 9, NULL, '5', NULL, '2024-05-02 21:17:09', '2024-05-02 21:17:09'),
(8, 'MacBook Air 15 inch M2', 'macbook-air-15-inch-m2', 10, NULL, '5', NULL, '2024-05-02 21:21:06', '2024-05-02 21:21:06'),
(9, 'MacBook Air 13 inch M2', 'macbook-air-13-inch-m2', 11, NULL, '5', NULL, '2024-05-02 21:23:24', '2024-05-02 21:23:24'),
(10, 'iPad Pro M2 11 inch WiFi Cellular', 'ipad-pro-m2-11-inch-wifi-cellular', 12, NULL, '6', NULL, '2024-05-03 14:47:48', '2024-05-03 14:47:48'),
(11, 'iPad 10 WiFi + Cellular', 'ipad-10-wifi-cellular', 13, NULL, '7', NULL, '2024-05-03 14:48:13', '2024-05-03 14:48:13'),
(12, 'Iphone 13', 'iphone-13', 14, NULL, '3', NULL, '2024-05-03 14:58:11', '2024-05-03 14:58:11'),
(13, 'Samsung Galaxy S23 Ultra 5G', 'samsung-galaxy-s23-ultra-5g', 15, NULL, '8', NULL, '2024-05-03 15:18:20', '2024-05-03 15:18:20'),
(14, 'Samsung Galaxy S24 Ultra 5G', 'samsung-galaxy-s24-ultra-5g', 16, NULL, '11', NULL, '2024-05-03 15:21:30', '2024-05-03 15:21:30'),
(15, 'Samsung Galaxy Z Flip5 5G', 'samsung-galaxy-z-flip5-5g', 17, NULL, '12', NULL, '2024-05-03 15:23:17', '2024-05-03 15:23:17'),
(16, 'Samsung Galaxy Z Fold5 5G', 'samsung-galaxy-z-fold5-5g', 18, NULL, '13', NULL, '2024-05-03 15:25:07', '2024-05-03 15:25:07'),
(17, 'Xiaomi Redmi Note 13', 'xiaomi-redmi-note-13', 19, NULL, '14', NULL, '2024-05-03 15:28:53', '2024-05-03 15:28:53'),
(18, 'Xiaomi Redmi 12', 'xiaomi-redmi-12', 20, NULL, '15', NULL, '2024-05-03 15:30:43', '2024-05-03 15:30:43'),
(19, 'Xiaomi Redmi A3', 'xiaomi-redmi-a3', 21, NULL, '16', NULL, '2024-05-03 15:32:14', '2024-05-03 15:32:14'),
(20, 'Xiaomi 14 5G', 'xiaomi-14-5g', 22, NULL, '17', NULL, '2024-05-03 15:33:57', '2024-05-03 15:33:57');

-- --------------------------------------------------------

--
-- Table structure for table `product_types`
--

CREATE TABLE `product_types` (
  `id` bigint(20) UNSIGNED NOT NULL,
  `name` varchar(255) DEFAULT NULL,
  `slug` varchar(255) DEFAULT NULL,
  `capacity` varchar(255) DEFAULT NULL,
  `product_id` varchar(255) DEFAULT NULL,
  `deleted_at` timestamp NULL DEFAULT NULL,
  `created_at` timestamp NULL DEFAULT NULL,
  `updated_at` timestamp NULL DEFAULT NULL
) ENGINE=InnoDB DEFAULT CHARSET=utf8mb4 COLLATE=utf8mb4_unicode_ci;

--
-- Dumping data for table `product_types`
--

INSERT INTO `product_types` (`id`, `name`, `slug`, `capacity`, `product_id`, `deleted_at`, `created_at`, `updated_at`) VALUES
(1, 'Iphone 15 pro max 256gb', 'iphone-15-pro-max-256gb', '256GB', '1', NULL, '2024-04-17 20:30:48', '2024-04-17 20:30:48'),
(2, 'iphone 15 128GB', 'iphone-15-128gb', '128GB', '4', NULL, '2024-04-30 06:53:36', '2024-05-02 21:01:30'),
(3, 'Iphone 15 pro max 512gb', 'iphone-15-pro-max-512gb', '512GB', '1', NULL, '2024-05-02 16:36:40', '2024-05-02 16:36:40'),
(4, 'Iphone 15 258GB', 'iphone-15-258gb', '258GB', '4', NULL, '2024-05-02 21:02:09', '2024-05-02 21:02:09'),
(5, 'iPhone 15 Pro 128GB', 'iphone-15-pro-128gb', '128GB', '5', NULL, '2024-05-02 21:08:41', '2024-05-02 21:08:41'),
(6, 'Iphone 15 pro 256gb', 'iphone-15-pro-256gb', '256GB', '5', NULL, '2024-05-02 21:10:00', '2024-05-02 21:10:00'),
(7, 'Iphone 15 pro 512gb', 'iphone-15-pro-512gb', '512GB', '5', NULL, '2024-05-02 21:10:36', '2024-05-02 21:10:36'),
(8, 'Iphone 14 pro max 128gb', 'iphone-14-pro-max-128gb', '128GB', '6', NULL, '2024-05-02 21:12:43', '2024-05-02 21:12:43'),
(9, 'Iphone 14 pro max 256gb', 'iphone-14-pro-max-256gb', '256GB', '6', NULL, '2024-05-02 21:13:07', '2024-05-02 21:13:07'),
(10, 'Iphone 14 pro max 512gb', 'iphone-14-pro-max-512gb', '512GB', '6', NULL, '2024-05-02 21:13:38', '2024-05-02 21:13:38'),
(11, 'MacBook Air 13 inch M3', 'macbook-air-13-inch-m3', 'RAM 8 GB - SSD 256 GB', '7', NULL, '2024-05-02 21:19:44', '2024-05-02 21:19:44'),
(12, 'MacBook Air 15 inch M2', 'macbook-air-15-inch-m2', 'RAM 8 GB - SSD 256 GB', '8', NULL, '2024-05-02 21:22:27', '2024-05-02 21:22:27'),
(13, 'MacBook Air 13 inch M2', 'macbook-air-13-inch-m2', 'RAM 8 GB - SSD 256 GB', '9', NULL, '2024-05-02 21:24:37', '2024-05-02 21:24:37'),
(14, 'iPad Pro M2 11 inch WiFi Cellular 128GB', 'ipad-pro-m2-11-inch-wifi-cellular-128gb', '128GB', '10', NULL, '2024-05-03 14:50:02', '2024-05-03 14:50:02'),
(15, 'iPad Pro M2 11 inch WiFi Cellular 1TB', 'ipad-pro-m2-11-inch-wifi-cellular-1tb', '1TB', '10', NULL, '2024-05-03 14:50:35', '2024-05-03 14:50:35'),
(16, 'iPad 10 WiFi + Cellular', 'ipad-10-wifi-cellular', '64GB', '11', NULL, '2024-05-03 14:51:58', '2024-05-03 14:51:58'),
(17, 'iPad 10 WiFi + Cellular 256GB', 'ipad-10-wifi-cellular-256gb', '256GB', '11', NULL, '2024-05-03 14:52:36', '2024-05-03 14:52:36'),
(18, 'iPhone 13 128GB', 'iphone-13-128gb', '128GB', '12', NULL, '2024-05-03 14:59:15', '2024-05-03 14:59:15'),
(19, 'iPhone 13 256GB', 'iphone-13-256gb', '256GB', '12', NULL, '2024-05-03 14:59:48', '2024-05-03 14:59:48'),
(20, 'Samsung Galaxy S23 Ultra 5G 256GB', 'samsung-galaxy-s23-ultra-5g-256gb', '256GB', '13', NULL, '2024-05-03 15:19:34', '2024-05-03 15:19:34'),
(21, 'Samsung Galaxy S24 Ultra 5G 256GB', 'samsung-galaxy-s24-ultra-5g-256gb', '256GB', '14', NULL, '2024-05-03 15:22:49', '2024-05-03 15:22:49'),
(22, 'Samsung Galaxy Z Flip5 5G 256GB', 'samsung-galaxy-z-flip5-5g-256gb', '256GB', '15', NULL, '2024-05-03 15:24:47', '2024-05-03 15:24:47'),
(23, 'Samsung Galaxy Z Fold5 5G 256GB', 'samsung-galaxy-z-fold5-5g-256gb', '256GB', '16', NULL, '2024-05-03 15:26:20', '2024-05-03 15:26:20'),
(24, 'Xiaomi Redmi Note 13 128GB', 'xiaomi-redmi-note-13-128gb', '128GB', '17', NULL, '2024-05-03 15:29:59', '2024-05-03 15:29:59'),
(25, 'Xiaomi Redmi 12 128GB', 'xiaomi-redmi-12-128gb', '128GB', '18', NULL, '2024-05-03 15:31:40', '2024-05-03 15:31:40'),
(26, 'Xiaomi Redmi A3 64GB', 'xiaomi-redmi-a3-64gb', '64GB', '19', NULL, '2024-05-03 15:33:34', '2024-05-03 15:33:34'),
(27, 'Xiaomi 14 5G 512GB', 'xiaomi-14-5g-512gb', '512GB', '20', NULL, '2024-05-03 15:34:43', '2024-05-03 15:34:43');

-- --------------------------------------------------------

--
-- Table structure for table `rates`
--

CREATE TABLE `rates` (
  `id` bigint(20) UNSIGNED NOT NULL,
  `user_id` varchar(255) DEFAULT NULL,
  `product_id` varchar(255) DEFAULT NULL,
  `rate` varchar(255) DEFAULT NULL,
  `comment` varchar(255) DEFAULT NULL,
  `created_at` timestamp NULL DEFAULT NULL,
  `updated_at` timestamp NULL DEFAULT NULL
) ENGINE=InnoDB DEFAULT CHARSET=utf8mb4 COLLATE=utf8mb4_unicode_ci;

--
-- Dumping data for table `rates`
--

INSERT INTO `rates` (`id`, `user_id`, `product_id`, `rate`, `comment`, `created_at`, `updated_at`) VALUES
(75, '26', '19', '4', 'sản phẩm tốt', NULL, NULL),
(76, '47', '4', '2', NULL, NULL, NULL),
(77, '13', '6', '1', NULL, NULL, NULL),
(78, '50', '19', '4', NULL, NULL, NULL),
(79, '26', '18', '5', NULL, NULL, NULL),
(80, '15', '15', '1', NULL, NULL, NULL),
(81, '10', '19', '2', NULL, NULL, NULL),
(82, '26', '25', '5', NULL, NULL, NULL),
(83, '14', '12', '2', NULL, NULL, NULL),
(84, '22', '3', '4', NULL, NULL, NULL),
(85, '35', '18', '5', NULL, NULL, NULL),
(86, '31', '2', '1', NULL, NULL, NULL),
(87, '19', '19', '3', NULL, NULL, NULL),
(88, '39', '9', '1', NULL, NULL, NULL),
(89, '41', '7', '1', NULL, NULL, NULL),
(90, '6', '24', '1', NULL, NULL, NULL),
(91, '11', '25', '4', NULL, NULL, NULL),
(92, '41', '12', '1', NULL, NULL, NULL),
(93, '11', '20', '3', NULL, NULL, NULL),
(94, '1', '6', '3', NULL, NULL, NULL),
(95, '5', '1', '2', NULL, NULL, NULL),
(96, '18', '12', '3', NULL, NULL, NULL),
(97, '30', '18', '4', NULL, NULL, NULL),
(98, '39', '4', '2', NULL, NULL, NULL),
(99, '31', '25', '1', NULL, NULL, NULL),
(100, '13', '9', '3', NULL, NULL, NULL),
(101, '20', '22', '3', NULL, NULL, NULL),
(102, '48', '15', '2', NULL, NULL, NULL),
(103, '25', '12', '2', NULL, NULL, NULL),
(104, '17', '11', '1', NULL, NULL, NULL),
(105, '42', '10', '5', NULL, NULL, NULL),
(106, '7', '6', '2', NULL, NULL, NULL),
(107, '49', '27', '2', NULL, NULL, NULL),
(108, '37', '19', '1', NULL, NULL, NULL),
(109, '32', '16', '4', NULL, NULL, NULL),
(110, '40', '6', '1', NULL, NULL, NULL),
(111, '23', '8', '5', NULL, NULL, NULL),
(112, '20', '18', '4', NULL, NULL, NULL),
(113, '17', '24', '1', NULL, NULL, NULL),
(114, '47', '9', '3', NULL, NULL, NULL),
(115, '49', '6', '3', NULL, NULL, NULL),
(116, '33', '9', '4', NULL, NULL, NULL),
(117, '25', '14', '3', NULL, NULL, NULL),
(118, '16', '25', '5', NULL, NULL, NULL),
(119, '25', '10', '3', NULL, NULL, NULL),
(120, '16', '13', '2', NULL, NULL, NULL),
(121, '39', '6', '1', NULL, NULL, NULL),
(122, '30', '27', '5', NULL, NULL, NULL),
(123, '50', '20', '1', NULL, NULL, NULL),
(124, '17', '18', '1', NULL, NULL, NULL),
(125, '31', '1', '4', NULL, NULL, NULL),
(126, '20', '15', '2', NULL, NULL, NULL),
(127, '12', '18', '4', NULL, NULL, NULL),
(128, '38', '13', '3', NULL, NULL, NULL),
(129, '35', '8', '2', NULL, NULL, NULL),
(130, '35', '26', '2', NULL, NULL, NULL),
(131, '11', '1', '1', NULL, NULL, NULL),
(132, '29', '25', '4', NULL, NULL, NULL),
(133, '22', '2', '2', NULL, NULL, NULL),
(134, '46', '18', '4', NULL, NULL, NULL),
(135, '39', '13', '2', NULL, NULL, NULL),
(136, '5', '19', '1', NULL, NULL, NULL),
(137, '7', '14', '1', NULL, NULL, NULL),
(138, '21', '21', '4', NULL, NULL, NULL),
(139, '21', '13', '2', NULL, NULL, NULL),
(140, '28', '5', '4', NULL, NULL, NULL),
(141, '23', '15', '5', NULL, NULL, NULL),
(142, '17', '20', '2', NULL, NULL, NULL),
(143, '50', '18', '4', NULL, NULL, NULL),
(144, '40', '26', '3', NULL, NULL, NULL),
(145, '27', '25', '4', NULL, NULL, NULL),
(146, '46', '11', '1', NULL, NULL, NULL),
(147, '23', '24', '2', NULL, NULL, NULL),
(148, '41', '9', '4', NULL, NULL, NULL),
(149, '27', '14', '3', NULL, NULL, NULL),
(150, '13', '6', '3', NULL, NULL, NULL),
(151, '14', '20', '2', NULL, NULL, NULL),
(152, '9', '14', '3', NULL, NULL, NULL),
(153, '4', '5', '2', NULL, NULL, NULL),
(154, '8', '12', '3', NULL, NULL, NULL),
(155, '1', '9', '3', NULL, NULL, NULL),
(156, '20', '26', '5', NULL, NULL, NULL),
(157, '28', '25', '1', NULL, NULL, NULL),
(158, '24', '26', '1', NULL, NULL, NULL),
(159, '10', '12', '1', NULL, NULL, NULL),
(160, '6', '2', '3', NULL, NULL, NULL),
(161, '12', '20', '4', NULL, NULL, NULL),
(162, '29', '6', '3', NULL, NULL, NULL),
(163, '23', '23', '2', NULL, NULL, NULL),
(164, '14', '11', '4', NULL, NULL, NULL),
(165, '37', '23', '1', NULL, NULL, NULL),
(166, '44', '5', '3', NULL, NULL, NULL),
(167, '16', '18', '3', NULL, NULL, NULL),
(168, '6', '3', '1', NULL, NULL, NULL),
(169, '48', '23', '2', NULL, NULL, NULL),
(170, '41', '27', '5', NULL, NULL, NULL),
(171, '32', '22', '4', NULL, NULL, NULL),
(172, '36', '1', '2', NULL, NULL, NULL),
(173, '3', '11', '3', NULL, NULL, NULL),
(174, '37', '15', '2', NULL, NULL, NULL),
(175, '10', '20', '4', NULL, NULL, NULL),
(176, '35', '8', '2', NULL, NULL, NULL),
(177, '10', '11', '1', NULL, NULL, NULL),
(178, '18', '10', '2', NULL, NULL, NULL),
(179, '21', '13', '1', NULL, NULL, NULL),
(180, '38', '16', '4', NULL, NULL, NULL),
(181, '1', '6', '3', NULL, NULL, NULL),
(182, '40', '1', '5', NULL, NULL, NULL),
(183, '46', '4', '2', NULL, NULL, NULL),
(184, '5', '11', '4', NULL, NULL, NULL),
(185, '40', '25', '2', NULL, NULL, NULL),
(186, '49', '20', '2', NULL, NULL, NULL),
(187, '40', '12', '4', NULL, NULL, NULL),
(188, '9', '6', '2', NULL, NULL, NULL),
(189, '26', '2', '1', NULL, NULL, NULL),
(190, '22', '25', '2', NULL, NULL, NULL),
(191, '50', '8', '1', NULL, NULL, NULL),
(192, '6', '6', '2', NULL, NULL, NULL),
(193, '45', '8', '4', NULL, NULL, NULL),
(194, '47', '8', '5', NULL, NULL, NULL),
(195, '25', '19', '3', NULL, NULL, NULL),
(196, '45', '27', '1', NULL, NULL, NULL),
(197, '25', '4', '3', NULL, NULL, NULL),
(198, '40', '4', '5', NULL, NULL, NULL),
(199, '6', '6', '1', NULL, NULL, NULL),
(200, '36', '20', '4', NULL, NULL, NULL),
(201, '46', '10', '5', NULL, NULL, NULL),
(202, '3', '16', '1', NULL, NULL, NULL),
(203, '42', '9', '1', NULL, NULL, NULL),
(204, '19', '19', '2', NULL, NULL, NULL),
(205, '18', '21', '1', NULL, NULL, NULL),
(206, '29', '9', '4', NULL, NULL, NULL),
(207, '31', '27', '5', NULL, NULL, NULL),
(208, '13', '26', '2', NULL, NULL, NULL),
(209, '40', '5', '4', NULL, NULL, NULL),
(210, '12', '11', '4', NULL, NULL, NULL),
(211, '15', '5', '4', NULL, NULL, NULL),
(212, '50', '25', '3', NULL, NULL, NULL),
(213, '14', '21', '2', NULL, NULL, NULL),
(214, '2', '4', '1', NULL, NULL, NULL),
(215, '14', '15', '4', NULL, NULL, NULL),
(216, '49', '5', '4', NULL, NULL, NULL),
(217, '22', '4', '3', NULL, NULL, NULL),
(218, '11', '3', '5', NULL, NULL, NULL),
(219, '42', '21', '2', NULL, NULL, NULL),
(220, '25', '13', '2', NULL, NULL, NULL),
(221, '22', '19', '5', NULL, NULL, NULL),
(222, '26', '16', '1', NULL, NULL, NULL),
(223, '33', '26', '2', NULL, NULL, NULL),
(224, '8', '11', '5', NULL, NULL, NULL),
(225, '43', '5', '2', NULL, NULL, NULL),
(226, '40', '1', '2', NULL, NULL, NULL),
(227, '38', '10', '4', NULL, NULL, NULL),
(228, '33', '2', '3', NULL, NULL, NULL),
(229, '22', '21', '3', NULL, NULL, NULL),
(230, '11', '12', '3', NULL, NULL, NULL),
(231, '1', '11', '3', NULL, NULL, NULL),
(232, '6', '15', '4', NULL, NULL, NULL),
(233, '39', '7', '5', NULL, NULL, NULL),
(234, '18', '5', '3', NULL, NULL, NULL),
(235, '45', '18', '3', NULL, NULL, NULL),
(236, '44', '6', '2', NULL, NULL, NULL),
(237, '4', '17', '5', NULL, NULL, NULL),
(238, '30', '4', '4', NULL, NULL, NULL),
(239, '6', '20', '1', NULL, NULL, NULL),
(240, '11', '22', '2', NULL, NULL, NULL),
(241, '25', '18', '5', NULL, NULL, NULL),
(242, '44', '2', '4', NULL, NULL, NULL),
(243, '4', '13', '4', NULL, NULL, NULL),
(244, '13', '27', '2', NULL, NULL, NULL),
(245, '29', '13', '1', NULL, NULL, NULL),
(246, '39', '14', '1', NULL, NULL, NULL),
(247, '9', '2', '4', NULL, NULL, NULL),
(248, '26', '16', '5', NULL, NULL, NULL),
(249, '43', '20', '4', NULL, NULL, NULL),
(250, '46', '6', '3', NULL, NULL, NULL),
(251, '15', '3', '2', NULL, NULL, NULL),
(252, '43', '19', '2', NULL, NULL, NULL),
(253, '28', '21', '1', NULL, NULL, NULL),
(254, '8', '21', '5', NULL, NULL, NULL),
(255, '43', '5', '4', NULL, NULL, NULL),
(256, '19', '12', '5', NULL, NULL, NULL),
(257, '7', '9', '5', NULL, NULL, NULL),
(258, '26', '27', '4', NULL, NULL, NULL),
(259, '46', '15', '5', NULL, NULL, NULL),
(260, '26', '24', '1', NULL, NULL, NULL),
(261, '5', '24', '3', NULL, NULL, NULL),
(262, '21', '7', '4', NULL, NULL, NULL),
(263, '11', '16', '4', NULL, NULL, NULL),
(264, '44', '7', '4', NULL, NULL, NULL),
(265, '7', '22', '1', NULL, NULL, NULL),
(266, '9', '12', '5', NULL, NULL, NULL),
(267, '16', '19', '5', NULL, NULL, NULL),
(268, '42', '5', '3', NULL, NULL, NULL),
(269, '48', '19', '1', NULL, NULL, NULL),
(270, '29', '26', '3', NULL, NULL, NULL),
(271, '30', '19', '4', NULL, NULL, NULL),
(272, '39', '21', '4', NULL, NULL, NULL),
(273, '45', '10', '1', NULL, NULL, NULL),
(274, '14', '8', '3', NULL, NULL, NULL),
(275, '41', '16', '4', NULL, NULL, NULL),
(276, '29', '15', '2', NULL, NULL, NULL),
(277, '35', '27', '1', NULL, NULL, NULL),
(278, '10', '5', '2', NULL, NULL, NULL),
(279, '7', '25', '4', NULL, NULL, NULL),
(280, '47', '22', '5', NULL, NULL, NULL),
(281, '39', '2', '3', NULL, NULL, NULL),
(282, '15', '15', '4', NULL, NULL, NULL),
(283, '36', '7', '3', NULL, NULL, NULL),
(284, '23', '10', '5', NULL, NULL, NULL),
(285, '3', '8', '5', NULL, NULL, NULL),
(286, '10', '4', '3', NULL, NULL, NULL),
(287, '28', '21', '3', NULL, NULL, NULL),
(288, '12', '23', '1', NULL, NULL, NULL),
(289, '18', '16', '4', NULL, NULL, NULL),
(290, '13', '16', '3', NULL, NULL, NULL),
(291, '36', '6', '1', NULL, NULL, NULL),
(292, '44', '17', '3', NULL, NULL, NULL),
(293, '36', '26', '1', NULL, NULL, NULL),
(294, '25', '7', '4', NULL, NULL, NULL),
(295, '26', '25', '2', NULL, NULL, NULL),
(296, '6', '24', '4', NULL, NULL, NULL),
(297, '37', '16', '5', NULL, NULL, NULL),
(298, '47', '5', '2', NULL, NULL, NULL),
(299, '32', '7', '3', NULL, NULL, NULL),
(300, '18', '11', '4', NULL, NULL, NULL),
(301, '46', '15', '4', NULL, NULL, NULL),
(302, '34', '23', '1', NULL, NULL, NULL),
(303, '35', '7', '4', NULL, NULL, NULL),
(304, '28', '17', '2', NULL, NULL, NULL),
(305, '42', '22', '3', NULL, NULL, NULL),
(306, '47', '5', '5', NULL, NULL, NULL),
(307, '17', '23', '5', NULL, NULL, NULL),
(308, '6', '2', '4', NULL, NULL, NULL),
(309, '36', '13', '1', NULL, NULL, NULL),
(310, '17', '3', '2', NULL, NULL, NULL),
(311, '1', '20', '4', NULL, NULL, NULL),
(312, '49', '17', '4', NULL, NULL, NULL),
(313, '28', '12', '4', NULL, NULL, NULL),
(314, '19', '14', '4', NULL, NULL, NULL),
(315, '50', '6', '1', NULL, NULL, NULL),
(316, '15', '3', '4', NULL, NULL, NULL),
(317, '10', '7', '4', NULL, NULL, NULL),
(318, '18', '2', '2', NULL, NULL, NULL),
(319, '15', '17', '4', NULL, NULL, NULL),
(320, '42', '4', '4', NULL, NULL, NULL),
(321, '23', '7', '3', NULL, NULL, NULL),
(322, '46', '13', '1', NULL, NULL, NULL),
(323, '1', '23', '3', NULL, NULL, NULL),
(324, '36', '7', '5', NULL, NULL, NULL),
(325, '14', '10', '5', NULL, NULL, NULL),
(326, '2', '3', '5', NULL, NULL, NULL),
(327, '23', '7', '1', NULL, NULL, NULL),
(328, '30', '5', '5', NULL, NULL, NULL),
(329, '17', '14', '4', NULL, NULL, NULL),
(330, '18', '8', '4', NULL, NULL, NULL),
(331, '49', '19', '3', NULL, NULL, NULL),
(332, '11', '25', '2', NULL, NULL, NULL),
(333, '38', '21', '2', NULL, NULL, NULL),
(334, '21', '2', '3', NULL, NULL, NULL),
(335, '46', '7', '5', NULL, NULL, NULL),
(336, '32', '14', '3', NULL, NULL, NULL),
(337, '35', '18', '1', NULL, NULL, NULL),
(338, '22', '1', '5', NULL, NULL, NULL),
(339, '35', '18', '2', NULL, NULL, NULL),
(340, '39', '12', '2', NULL, NULL, NULL),
(341, '18', '3', '3', NULL, NULL, NULL),
(342, '17', '19', '3', NULL, NULL, NULL),
(343, '34', '18', '5', NULL, NULL, NULL),
(344, '22', '10', '3', NULL, NULL, NULL),
(345, '13', '25', '4', NULL, NULL, NULL),
(346, '46', '25', '5', NULL, NULL, NULL),
(347, '44', '9', '5', NULL, NULL, NULL),
(348, '49', '10', '1', NULL, NULL, NULL),
(349, '2', '10', '1', NULL, NULL, NULL),
(350, '34', '24', '2', NULL, NULL, NULL),
(351, '43', '3', '2', NULL, NULL, NULL),
(352, '38', '24', '3', NULL, NULL, NULL),
(353, '27', '22', '3', NULL, NULL, NULL),
(354, '27', '10', '2', NULL, NULL, NULL),
(355, '26', '21', '2', NULL, NULL, NULL),
(356, '30', '22', '4', NULL, NULL, NULL),
(357, '50', '20', '4', NULL, NULL, NULL),
(358, '40', '19', '2', NULL, NULL, NULL),
(359, '10', '26', '1', NULL, NULL, NULL),
(360, '20', '6', '5', NULL, NULL, NULL),
(361, '48', '5', '4', NULL, NULL, NULL),
(362, '49', '18', '3', NULL, NULL, NULL),
(363, '22', '12', '5', NULL, NULL, NULL),
(364, '16', '16', '4', NULL, NULL, NULL),
(365, '49', '21', '2', NULL, NULL, NULL),
(366, '39', '16', '4', NULL, NULL, NULL),
(367, '47', '19', '1', NULL, NULL, NULL),
(368, '14', '25', '5', NULL, NULL, NULL),
(369, '11', '16', '1', NULL, NULL, NULL),
(370, '24', '15', '5', NULL, NULL, NULL),
(371, '14', '7', '1', NULL, NULL, NULL),
(372, '10', '14', '5', NULL, NULL, NULL),
(373, '6', '9', '3', NULL, NULL, NULL),
(374, '17', '13', '3', NULL, NULL, NULL),
(375, '40', '12', '4', NULL, NULL, NULL),
(376, '13', '25', '3', NULL, NULL, NULL),
(377, '25', '19', '1', NULL, NULL, NULL),
(378, '37', '5', '2', NULL, NULL, NULL),
(379, '18', '8', '2', NULL, NULL, NULL),
(380, '41', '14', '1', NULL, NULL, NULL),
(381, '50', '5', '1', NULL, NULL, NULL),
(382, '6', '11', '4', NULL, NULL, NULL),
(383, '26', '5', '5', NULL, NULL, NULL),
(384, '44', '10', '1', NULL, NULL, NULL),
(385, '24', '18', '2', NULL, NULL, NULL),
(386, '10', '24', '2', NULL, NULL, NULL),
(387, '27', '27', '4', NULL, NULL, NULL),
(388, '4', '23', '3', NULL, NULL, NULL),
(389, '9', '25', '1', NULL, NULL, NULL),
(390, '30', '11', '3', NULL, NULL, NULL),
(391, '6', '11', '2', NULL, NULL, NULL),
(392, '46', '15', '1', NULL, NULL, NULL),
(393, '10', '16', '1', NULL, NULL, NULL),
(394, '6', '21', '2', NULL, NULL, NULL),
(395, '42', '25', '2', NULL, NULL, NULL),
(396, '26', '4', '1', NULL, NULL, NULL),
(397, '37', '6', '2', NULL, NULL, NULL),
(398, '45', '18', '3', NULL, NULL, NULL),
(399, '47', '12', '4', NULL, NULL, NULL),
(400, '21', '15', '5', NULL, NULL, NULL),
(401, '24', '26', '1', NULL, NULL, NULL),
(402, '40', '23', '1', NULL, NULL, NULL),
(403, '37', '16', '2', NULL, NULL, NULL),
(404, '40', '25', '3', NULL, NULL, NULL),
(405, '42', '22', '4', NULL, NULL, NULL),
(406, '8', '10', '3', NULL, NULL, NULL),
(407, '46', '16', '5', NULL, NULL, NULL),
(408, '29', '9', '2', NULL, NULL, NULL),
(409, '21', '15', '1', NULL, NULL, NULL),
(410, '8', '17', '2', NULL, NULL, NULL),
(411, '12', '19', '2', NULL, NULL, NULL),
(412, '46', '17', '3', NULL, NULL, NULL),
(413, '46', '10', '2', NULL, NULL, NULL),
(414, '37', '5', '4', NULL, NULL, NULL),
(415, '10', '3', '1', NULL, NULL, NULL),
(416, '6', '16', '2', NULL, NULL, NULL),
(417, '48', '8', '4', NULL, NULL, NULL),
(418, '38', '16', '1', NULL, NULL, NULL),
(419, '4', '14', '5', NULL, NULL, NULL),
(420, '4', '23', '4', NULL, NULL, NULL),
(421, '49', '7', '2', NULL, NULL, NULL),
(422, '45', '24', '3', NULL, NULL, NULL),
(423, '7', '3', '4', NULL, NULL, NULL),
(424, '10', '13', '5', NULL, NULL, NULL),
(425, '49', '10', '4', NULL, NULL, NULL),
(426, '48', '12', '5', NULL, NULL, NULL),
(427, '18', '24', '2', NULL, NULL, NULL),
(428, '25', '27', '2', NULL, NULL, NULL),
(429, '30', '25', '4', NULL, NULL, NULL),
(430, '20', '5', '3', NULL, NULL, NULL),
(431, '23', '11', '3', NULL, NULL, NULL),
(432, '31', '3', '2', NULL, NULL, NULL),
(433, '31', '8', '5', NULL, NULL, NULL),
(434, '37', '19', '4', NULL, NULL, NULL),
(435, '13', '2', '5', NULL, NULL, NULL),
(436, '45', '17', '5', NULL, NULL, NULL),
(437, '41', '1', '2', NULL, NULL, NULL),
(438, '20', '16', '5', NULL, NULL, NULL),
(439, '13', '22', '4', NULL, NULL, NULL),
(440, '39', '10', '1', NULL, NULL, NULL),
(441, '46', '17', '2', NULL, NULL, NULL),
(442, '2', '17', '2', NULL, NULL, NULL),
(443, '9', '9', '1', NULL, NULL, NULL),
(444, '45', '12', '1', NULL, NULL, NULL),
(445, '4', '22', '5', NULL, NULL, NULL),
(446, '15', '22', '3', NULL, NULL, NULL),
(447, '8', '19', '1', NULL, NULL, NULL),
(448, '15', '17', '2', NULL, NULL, NULL),
(449, '17', '16', '1', NULL, NULL, NULL),
(450, '32', '16', '1', NULL, NULL, NULL),
(451, '11', '25', '5', NULL, NULL, NULL),
(452, '12', '10', '1', NULL, NULL, NULL),
(453, '34', '1', '5', NULL, NULL, NULL),
(454, '41', '26', '4', NULL, NULL, NULL),
(455, '15', '25', '4', NULL, NULL, NULL),
(456, '18', '1', '5', NULL, NULL, NULL),
(457, '48', '27', '4', NULL, NULL, NULL),
(458, '46', '22', '5', NULL, NULL, NULL),
(459, '13', '16', '2', NULL, NULL, NULL),
(460, '4', '13', '2', NULL, NULL, NULL),
(461, '49', '23', '4', NULL, NULL, NULL),
(462, '11', '20', '2', NULL, NULL, NULL),
(463, '4', '14', '3', NULL, NULL, NULL),
(464, '43', '14', '3', NULL, NULL, NULL),
(465, '3', '4', '5', NULL, NULL, NULL),
(466, '47', '4', '4', NULL, NULL, NULL),
(467, '15', '8', '2', NULL, NULL, NULL),
(468, '20', '22', '5', NULL, NULL, NULL),
(469, '11', '21', '2', NULL, NULL, NULL),
(470, '1', '18', '5', NULL, NULL, NULL),
(471, '14', '20', '5', NULL, NULL, NULL),
(472, '16', '12', '4', NULL, NULL, NULL),
(473, '47', '24', '1', NULL, NULL, NULL),
(474, '46', '5', '3', NULL, NULL, NULL),
(475, '37', '13', '2', NULL, NULL, NULL),
(476, '39', '22', '1', NULL, NULL, NULL),
(477, '34', '19', '1', NULL, NULL, NULL),
(478, '6', '22', '1', NULL, NULL, NULL),
(479, '31', '23', '1', NULL, NULL, NULL),
(480, '34', '26', '3', NULL, NULL, NULL),
(481, '16', '16', '1', NULL, NULL, NULL),
(482, '17', '25', '1', NULL, NULL, NULL),
(483, '24', '15', '5', NULL, NULL, NULL),
(484, '37', '14', '1', NULL, NULL, NULL),
(485, '10', '8', '2', NULL, NULL, NULL),
(486, '49', '26', '5', NULL, NULL, NULL),
(487, '11', '11', '3', NULL, NULL, NULL),
(488, '40', '20', '5', NULL, NULL, NULL),
(489, '6', '22', '3', NULL, NULL, NULL),
(490, '11', '1', '3', NULL, NULL, NULL),
(491, '14', '10', '2', NULL, NULL, NULL),
(492, '37', '15', '5', NULL, NULL, NULL),
(493, '10', '12', '3', NULL, NULL, NULL),
(494, '30', '9', '5', NULL, NULL, NULL),
(495, '21', '5', '3', NULL, NULL, NULL),
(496, '13', '5', '2', NULL, NULL, NULL),
(497, '23', '19', '4', NULL, NULL, NULL),
(498, '37', '11', '4', NULL, NULL, NULL),
(499, '15', '27', '4', NULL, NULL, NULL),
(500, '23', '4', '5', NULL, NULL, NULL),
(501, '15', '20', '3', NULL, NULL, NULL),
(502, '47', '20', '5', NULL, NULL, NULL),
(503, '48', '26', '4', NULL, NULL, NULL),
(504, '22', '26', '2', NULL, NULL, NULL),
(505, '11', '22', '2', NULL, NULL, NULL),
(506, '19', '22', '5', NULL, NULL, NULL),
(507, '3', '4', '3', NULL, NULL, NULL),
(508, '23', '22', '3', NULL, NULL, NULL),
(509, '3', '19', '5', NULL, NULL, NULL),
(510, '50', '25', '1', NULL, NULL, NULL),
(511, '44', '13', '5', NULL, NULL, NULL),
(512, '50', '21', '1', NULL, NULL, NULL),
(513, '50', '9', '1', NULL, NULL, NULL),
(514, '21', '15', '2', NULL, NULL, NULL),
(515, '7', '5', '3', NULL, NULL, NULL),
(516, '40', '2', '2', NULL, NULL, NULL),
(517, '35', '15', '4', NULL, NULL, NULL),
(518, '30', '4', '2', NULL, NULL, NULL),
(519, '5', '4', '2', NULL, NULL, NULL),
(520, '7', '9', '1', NULL, NULL, NULL),
(521, '16', '27', '2', NULL, NULL, NULL),
(522, '6', '3', '3', NULL, NULL, NULL),
(523, '46', '17', '5', NULL, NULL, NULL),
(524, '16', '1', '2', NULL, NULL, NULL),
(525, '7', '6', '5', NULL, NULL, NULL),
(526, '29', '6', '5', NULL, NULL, NULL),
(527, '20', '2', '2', NULL, NULL, NULL),
(528, '16', '8', '1', NULL, NULL, NULL),
(529, '39', '15', '1', NULL, NULL, NULL),
(530, '43', '1', '3', NULL, NULL, NULL),
(531, '35', '15', '3', NULL, NULL, NULL),
(532, '46', '5', '5', NULL, NULL, NULL),
(533, '37', '17', '5', NULL, NULL, NULL),
(534, '1', '7', '4', NULL, NULL, NULL),
(535, '15', '26', '5', NULL, NULL, NULL),
(536, '10', '23', '2', NULL, NULL, NULL),
(537, '41', '3', '3', NULL, NULL, NULL),
(538, '9', '26', '3', NULL, NULL, NULL),
(539, '28', '25', '5', NULL, NULL, NULL),
(540, '41', '11', '4', NULL, NULL, NULL),
(541, '22', '17', '3', NULL, NULL, NULL),
(542, '23', '24', '1', NULL, NULL, NULL),
(543, '2', '12', '5', NULL, NULL, NULL),
(544, '15', '5', '3', NULL, NULL, NULL),
(545, '34', '23', '4', NULL, NULL, NULL),
(546, '36', '26', '2', NULL, NULL, NULL),
(547, '8', '6', '2', NULL, NULL, NULL),
(548, '10', '6', '5', NULL, NULL, NULL),
(549, '37', '6', '2', NULL, NULL, NULL),
(550, '40', '13', '1', NULL, NULL, NULL),
(551, '35', '17', '4', NULL, NULL, NULL),
(552, '12', '7', '4', NULL, NULL, NULL),
(553, '27', '13', '1', NULL, NULL, NULL),
(554, '25', '12', '3', NULL, NULL, NULL),
(555, '5', '27', '5', NULL, NULL, NULL),
(556, '11', '1', '2', NULL, NULL, NULL),
(557, '24', '24', '2', NULL, NULL, NULL),
(558, '9', '12', '3', NULL, NULL, NULL),
(559, '29', '12', '2', NULL, NULL, NULL),
(560, '40', '4', '4', NULL, NULL, NULL),
(561, '5', '3', '1', NULL, NULL, NULL),
(562, '40', '3', '5', NULL, NULL, NULL),
(563, '27', '8', '1', NULL, NULL, NULL),
(564, '2', '12', '3', NULL, NULL, NULL),
(565, '2', '22', '4', NULL, NULL, NULL),
(566, '29', '21', '4', NULL, NULL, NULL),
(567, '8', '1', '5', NULL, NULL, NULL),
(568, '49', '25', '3', NULL, NULL, NULL),
(569, '3', '15', '5', NULL, NULL, NULL),
(570, '9', '23', '5', NULL, NULL, NULL),
(571, '17', '14', '4', NULL, NULL, NULL),
(572, '49', '17', '1', NULL, NULL, NULL),
(573, '34', '13', '5', NULL, NULL, NULL),
(574, '37', '5', '3', NULL, NULL, NULL),
(575, '49', '22', '3', NULL, NULL, NULL),
(576, '4', '7', '4', NULL, NULL, NULL),
(577, '5', '20', '4', NULL, NULL, NULL),
(578, '24', '2', '1', NULL, NULL, NULL),
(579, '49', '25', '3', NULL, NULL, NULL),
(580, '24', '3', '2', NULL, NULL, NULL),
(581, '41', '27', '5', NULL, NULL, NULL),
(582, '16', '18', '3', NULL, NULL, NULL),
(583, '39', '7', '3', NULL, NULL, NULL),
(584, '44', '13', '3', NULL, NULL, NULL),
(585, '25', '11', '4', NULL, NULL, NULL),
(586, '19', '22', '4', NULL, NULL, NULL),
(587, '6', '9', '5', NULL, NULL, NULL),
(588, '5', '8', '4', NULL, NULL, NULL),
(589, '43', '19', '3', NULL, NULL, NULL),
(590, '22', '3', '3', NULL, NULL, NULL),
(591, '21', '3', '3', NULL, NULL, NULL),
(592, '15', '7', '3', NULL, NULL, NULL),
(593, '46', '15', '5', NULL, NULL, NULL),
(594, '49', '13', '1', NULL, NULL, NULL),
(595, '24', '7', '4', NULL, NULL, NULL),
(596, '32', '17', '2', NULL, NULL, NULL),
(597, '4', '17', '4', NULL, NULL, NULL),
(598, '17', '10', '4', NULL, NULL, NULL),
(599, '24', '12', '5', NULL, NULL, NULL),
(600, '15', '4', '5', NULL, NULL, NULL),
(601, '37', '4', '5', NULL, NULL, NULL),
(602, '27', '3', '4', NULL, NULL, NULL),
(603, '17', '10', '4', NULL, NULL, NULL),
(604, '27', '27', '4', NULL, NULL, NULL),
(605, '32', '25', '5', NULL, NULL, NULL),
(606, '22', '19', '1', NULL, NULL, NULL),
(607, '36', '14', '2', NULL, NULL, NULL),
(608, '50', '11', '5', NULL, NULL, NULL),
(609, '47', '6', '1', NULL, NULL, NULL),
(610, '31', '14', '3', NULL, NULL, NULL),
(611, '49', '7', '1', NULL, NULL, NULL),
(612, '17', '19', '2', NULL, NULL, NULL),
(613, '43', '7', '3', NULL, NULL, NULL),
(614, '44', '27', '4', NULL, NULL, NULL),
(615, '43', '21', '5', NULL, NULL, NULL),
(616, '27', '27', '1', NULL, NULL, NULL),
(617, '47', '8', '5', NULL, NULL, NULL),
(618, '31', '27', '2', NULL, NULL, NULL),
(619, '26', '12', '1', NULL, NULL, NULL),
(620, '38', '12', '3', NULL, NULL, NULL),
(621, '20', '14', '2', NULL, NULL, NULL),
(622, '4', '2', '4', NULL, NULL, NULL),
(623, '37', '23', '5', NULL, NULL, NULL),
(624, '12', '24', '5', NULL, NULL, NULL),
(625, '11', '8', '3', NULL, NULL, NULL),
(626, '28', '26', '5', NULL, NULL, NULL),
(627, '38', '4', '1', NULL, NULL, NULL),
(628, '6', '3', '2', NULL, NULL, NULL),
(629, '31', '18', '4', NULL, NULL, NULL),
(630, '34', '27', '4', NULL, NULL, NULL),
(631, '30', '4', '5', NULL, NULL, NULL),
(632, '48', '9', '2', NULL, NULL, NULL),
(633, '39', '1', '2', NULL, NULL, NULL),
(634, '31', '26', '1', NULL, NULL, NULL),
(635, '36', '17', '4', NULL, NULL, NULL),
(636, '41', '12', '3', NULL, NULL, NULL),
(637, '24', '2', '5', NULL, NULL, NULL),
(638, '27', '24', '4', NULL, NULL, NULL),
(639, '37', '2', '5', NULL, NULL, NULL),
(640, '36', '8', '5', NULL, NULL, NULL),
(641, '28', '25', '1', NULL, NULL, NULL),
(642, '47', '1', '2', NULL, NULL, NULL),
(643, '32', '14', '2', NULL, NULL, NULL),
(644, '35', '22', '3', NULL, NULL, NULL),
(645, '24', '25', '4', NULL, NULL, NULL),
(646, '5', '5', '5', NULL, NULL, NULL),
(647, '27', '3', '5', NULL, NULL, NULL),
(648, '32', '23', '1', NULL, NULL, NULL),
(649, '41', '13', '1', NULL, NULL, NULL),
(650, '4', '19', '5', NULL, NULL, NULL),
(651, '3', '16', '3', NULL, NULL, NULL),
(652, '2', '17', '3', NULL, NULL, NULL),
(653, '36', '14', '2', NULL, NULL, NULL),
(654, '17', '17', '4', NULL, NULL, NULL),
(655, '2', '27', '4', NULL, NULL, NULL),
(656, '32', '3', '5', NULL, NULL, NULL),
(657, '18', '9', '3', NULL, NULL, NULL),
(658, '19', '20', '3', NULL, NULL, NULL),
(659, '43', '13', '5', NULL, NULL, NULL),
(660, '14', '10', '4', NULL, NULL, NULL),
(661, '21', '12', '5', NULL, NULL, NULL),
(662, '28', '4', '5', NULL, NULL, NULL),
(663, '21', '11', '3', NULL, NULL, NULL),
(664, '6', '10', '3', NULL, NULL, NULL),
(665, '11', '5', '3', NULL, NULL, NULL),
(666, '26', '15', '5', NULL, NULL, NULL),
(667, '29', '1', '3', NULL, NULL, NULL),
(668, '20', '24', '2', NULL, NULL, NULL),
(669, '36', '12', '4', NULL, NULL, NULL),
(670, '1', '5', '1', NULL, NULL, NULL),
(671, '47', '3', '4', NULL, NULL, NULL),
(672, '11', '12', '1', NULL, NULL, NULL),
(673, '23', '18', '3', NULL, NULL, NULL),
(674, '44', '17', '3', NULL, NULL, NULL),
(675, '22', '27', '5', NULL, NULL, NULL),
(676, '19', '1', '2', NULL, NULL, NULL),
(677, '34', '24', '5', NULL, NULL, NULL),
(678, '33', '19', '2', NULL, NULL, NULL),
(679, '4', '15', '5', NULL, NULL, NULL),
(680, '17', '2', '1', NULL, NULL, NULL),
(681, '20', '9', '2', NULL, NULL, NULL),
(682, '46', '14', '4', NULL, NULL, NULL),
(683, '7', '12', '5', NULL, NULL, NULL),
(684, '43', '14', '1', NULL, NULL, NULL),
(685, '21', '10', '3', NULL, NULL, NULL),
(686, '13', '9', '5', NULL, NULL, NULL),
(687, '46', '13', '5', NULL, NULL, NULL),
(688, '42', '13', '3', NULL, NULL, NULL),
(689, '27', '18', '2', NULL, NULL, NULL),
(690, '39', '13', '1', NULL, NULL, NULL),
(691, '44', '19', '3', NULL, NULL, NULL),
(692, '22', '23', '4', NULL, NULL, NULL),
(693, '2', '21', '5', NULL, NULL, NULL),
(694, '29', '21', '5', NULL, NULL, NULL),
(695, '39', '20', '3', NULL, NULL, NULL),
(696, '44', '26', '3', NULL, NULL, NULL),
(697, '11', '8', '1', NULL, NULL, NULL),
(698, '33', '15', '2', NULL, NULL, NULL),
(699, '35', '1', '5', NULL, NULL, NULL),
(700, '18', '18', '3', NULL, NULL, NULL),
(701, '36', '3', '5', NULL, NULL, NULL),
(702, '20', '27', '3', NULL, NULL, NULL),
(703, '40', '25', '4', NULL, NULL, NULL),
(704, '48', '6', '5', NULL, NULL, NULL),
(705, '30', '13', '2', NULL, NULL, NULL),
(706, '24', '7', '2', NULL, NULL, NULL),
(707, '13', '10', '2', NULL, NULL, NULL),
(708, '11', '3', '3', NULL, NULL, NULL),
(709, '12', '16', '5', NULL, NULL, NULL),
(710, '38', '6', '4', NULL, NULL, NULL),
(711, '23', '11', '1', NULL, NULL, NULL),
(712, '25', '6', '4', NULL, NULL, NULL),
(713, '31', '7', '3', NULL, NULL, NULL),
(714, '45', '11', '1', NULL, NULL, NULL),
(715, '5', '26', '1', NULL, NULL, NULL),
(716, '38', '3', '5', NULL, NULL, NULL),
(717, '6', '16', '2', NULL, NULL, NULL),
(718, '49', '3', '3', NULL, NULL, NULL),
(719, '30', '25', '5', NULL, NULL, NULL),
(720, '3', '18', '4', NULL, NULL, NULL),
(721, '46', '1', '3', NULL, NULL, NULL),
(722, '21', '24', '2', NULL, NULL, NULL),
(723, '49', '2', '1', NULL, NULL, NULL),
(724, '12', '27', '3', NULL, NULL, NULL),
(725, '50', '21', '4', NULL, NULL, NULL),
(726, '4', '11', '5', NULL, NULL, NULL),
(727, '24', '11', '5', NULL, NULL, NULL),
(728, '50', '25', '3', NULL, NULL, NULL),
(729, '18', '14', '4', NULL, NULL, NULL),
(730, '17', '23', '1', NULL, NULL, NULL),
(731, '6', '1', '3', NULL, NULL, NULL),
(732, '13', '17', '4', NULL, NULL, NULL),
(733, '48', '20', '4', NULL, NULL, NULL),
(734, '21', '8', '2', NULL, NULL, NULL),
(735, '31', '27', '3', NULL, NULL, NULL),
(736, '38', '20', '1', NULL, NULL, NULL),
(737, '36', '25', '3', NULL, NULL, NULL),
(738, '16', '6', '1', NULL, NULL, NULL),
(739, '10', '3', '2', NULL, NULL, NULL),
(740, '35', '2', '2', NULL, NULL, NULL),
(741, '40', '9', '4', NULL, NULL, NULL),
(742, '24', '6', '5', NULL, NULL, NULL),
(743, '47', '12', '4', NULL, NULL, NULL),
(744, '44', '18', '2', NULL, NULL, NULL),
(745, '46', '14', '5', NULL, NULL, NULL),
(746, '28', '17', '1', NULL, NULL, NULL),
(747, '12', '17', '5', NULL, NULL, NULL),
(748, '47', '3', '3', NULL, NULL, NULL),
(749, '30', '26', '4', NULL, NULL, NULL),
(750, '22', '25', '5', NULL, NULL, NULL),
(751, '10', '12', '2', NULL, NULL, NULL),
(752, '24', '19', '5', NULL, NULL, NULL),
(753, '19', '23', '5', NULL, NULL, NULL),
(754, '13', '5', '4', NULL, NULL, NULL),
(755, '23', '5', '3', NULL, NULL, NULL),
(756, '11', '19', '5', NULL, NULL, NULL),
(757, '39', '15', '3', NULL, NULL, NULL),
(758, '44', '16', '5', NULL, NULL, NULL),
(759, '29', '20', '3', NULL, NULL, NULL),
(760, '25', '20', '4', NULL, NULL, NULL),
(761, '14', '25', '3', NULL, NULL, NULL),
(762, '1', '27', '5', NULL, NULL, NULL),
(763, '36', '27', '3', NULL, NULL, NULL),
(764, '10', '3', '3', NULL, NULL, NULL),
(765, '19', '22', '1', NULL, NULL, NULL),
(766, '47', '11', '3', NULL, NULL, NULL),
(767, '19', '10', '3', NULL, NULL, NULL),
(768, '7', '20', '4', NULL, NULL, NULL),
(769, '11', '2', '4', NULL, NULL, NULL),
(770, '37', '5', '1', NULL, NULL, NULL),
(771, '39', '25', '4', NULL, NULL, NULL),
(772, '22', '7', '3', NULL, NULL, NULL),
(773, '17', '5', '5', NULL, NULL, NULL),
(774, '39', '9', '4', NULL, NULL, NULL),
(775, '19', '25', '5', NULL, NULL, NULL),
(776, '48', '23', '5', NULL, NULL, NULL),
(777, '47', '24', '1', NULL, NULL, NULL),
(778, '35', '1', '4', NULL, NULL, NULL),
(779, '43', '6', '5', NULL, NULL, NULL),
(780, '9', '1', '4', NULL, NULL, NULL),
(781, '14', '3', '4', NULL, NULL, NULL),
(782, '50', '17', '1', NULL, NULL, NULL),
(783, '2', '27', '5', NULL, NULL, NULL),
(784, '5', '18', '5', NULL, NULL, NULL),
(785, '48', '4', '3', NULL, NULL, NULL),
(786, '41', '25', '4', NULL, NULL, NULL),
(787, '8', '7', '4', NULL, NULL, NULL),
(788, '33', '7', '2', NULL, NULL, NULL),
(789, '17', '6', '1', NULL, NULL, NULL),
(790, '41', '1', '3', NULL, NULL, NULL),
(791, '18', '15', '2', NULL, NULL, NULL),
(792, '34', '23', '5', NULL, NULL, NULL),
(793, '7', '5', '2', NULL, NULL, NULL),
(794, '3', '3', '1', NULL, NULL, NULL),
(795, '50', '12', '1', NULL, NULL, NULL),
(796, '24', '7', '4', NULL, NULL, NULL),
(797, '2', '1', '3', NULL, NULL, NULL),
(798, '33', '24', '5', NULL, NULL, NULL),
(799, '5', '12', '2', NULL, NULL, NULL),
(800, '47', '5', '4', NULL, NULL, NULL),
(801, '34', '27', '1', NULL, NULL, NULL),
(802, '23', '17', '5', NULL, NULL, NULL),
(803, '7', '13', '3', NULL, NULL, NULL),
(804, '1', '25', '5', NULL, NULL, NULL),
(805, '27', '7', '5', NULL, NULL, NULL),
(806, '36', '7', '3', NULL, NULL, NULL),
(807, '11', '12', '5', NULL, NULL, NULL),
(808, '14', '13', '3', NULL, NULL, NULL),
(809, '48', '17', '4', NULL, NULL, NULL),
(810, '25', '6', '3', NULL, NULL, NULL),
(811, '7', '6', '3', NULL, NULL, NULL),
(812, '1', '24', '5', NULL, NULL, NULL),
(813, '3', '26', '4', NULL, NULL, NULL),
(814, '26', '23', '3', NULL, NULL, NULL),
(815, '40', '10', '4', NULL, NULL, NULL),
(816, '1', '7', '3', NULL, NULL, NULL),
(817, '24', '20', '1', NULL, NULL, NULL),
(818, '43', '12', '1', NULL, NULL, NULL),
(819, '50', '22', '2', NULL, NULL, NULL),
(820, '1', '25', '3', NULL, NULL, NULL),
(821, '12', '19', '1', NULL, NULL, NULL),
(822, '16', '10', '4', NULL, NULL, NULL),
(823, '10', '27', '5', NULL, NULL, NULL),
(824, '19', '9', '1', NULL, NULL, NULL),
(825, '42', '19', '2', NULL, NULL, NULL),
(826, '3', '12', '3', NULL, NULL, NULL),
(827, '46', '24', '3', NULL, NULL, NULL),
(828, '13', '16', '5', NULL, NULL, NULL),
(829, '36', '4', '2', NULL, NULL, NULL),
(830, '36', '1', '4', NULL, NULL, NULL),
(831, '37', '18', '2', NULL, NULL, NULL),
(832, '40', '17', '2', NULL, NULL, NULL),
(833, '41', '20', '4', NULL, NULL, NULL),
(834, '15', '5', '2', NULL, NULL, NULL),
(835, '50', '6', '3', NULL, NULL, NULL),
(836, '9', '23', '1', NULL, NULL, NULL),
(837, '3', '22', '2', NULL, NULL, NULL),
(838, '15', '19', '4', NULL, NULL, NULL),
(839, '11', '21', '2', NULL, NULL, NULL),
(840, '27', '15', '4', NULL, NULL, NULL),
(841, '33', '13', '1', NULL, NULL, NULL),
(842, '25', '3', '3', NULL, NULL, NULL),
(843, '29', '26', '5', NULL, NULL, NULL),
(844, '25', '5', '2', NULL, NULL, NULL),
(845, '48', '21', '4', NULL, NULL, NULL),
(846, '1', '18', '4', NULL, NULL, NULL),
(847, '48', '12', '2', NULL, NULL, NULL),
(848, '48', '23', '3', NULL, NULL, NULL),
(849, '29', '27', '2', NULL, NULL, NULL),
(850, '34', '3', '2', NULL, NULL, NULL),
(851, '38', '10', '3', NULL, NULL, NULL),
(852, '29', '1', '2', NULL, NULL, NULL),
(853, '19', '5', '1', NULL, NULL, NULL),
(854, '34', '23', '4', NULL, NULL, NULL),
(855, '34', '17', '4', NULL, NULL, NULL),
(856, '36', '2', '2', NULL, NULL, NULL),
(857, '8', '8', '4', NULL, NULL, NULL),
(858, '5', '17', '1', NULL, NULL, NULL),
(859, '31', '6', '5', NULL, NULL, NULL),
(860, '11', '19', '5', NULL, NULL, NULL),
(861, '25', '11', '4', NULL, NULL, NULL),
(862, '8', '13', '4', NULL, NULL, NULL),
(863, '1', '10', '4', NULL, NULL, NULL),
(864, '44', '10', '3', NULL, NULL, NULL),
(865, '44', '4', '3', NULL, NULL, NULL),
(866, '14', '21', '1', NULL, NULL, NULL),
(867, '47', '5', '5', NULL, NULL, NULL),
(868, '26', '19', '2', NULL, NULL, NULL),
(869, '42', '6', '5', NULL, NULL, NULL),
(870, '20', '23', '2', NULL, NULL, NULL),
(871, '25', '17', '4', NULL, NULL, NULL),
(872, '13', '18', '5', NULL, NULL, NULL),
(873, '41', '14', '3', NULL, NULL, NULL),
(874, '13', '13', '2', NULL, NULL, NULL),
(875, '18', '22', '4', NULL, NULL, NULL),
(876, '17', '9', '5', NULL, NULL, NULL),
(877, '6', '24', '5', NULL, NULL, NULL),
(878, '46', '3', '4', NULL, NULL, NULL),
(879, '50', '4', '2', NULL, NULL, NULL),
(880, '39', '9', '1', NULL, NULL, NULL),
(881, '38', '4', '3', NULL, NULL, NULL),
(882, '49', '17', '4', NULL, NULL, NULL),
(883, '32', '19', '1', NULL, NULL, NULL),
(884, '21', '19', '5', NULL, NULL, NULL),
(885, '28', '18', '5', NULL, NULL, NULL),
(886, '34', '10', '4', NULL, NULL, NULL),
(887, '44', '18', '1', NULL, NULL, NULL),
(888, '11', '16', '1', NULL, NULL, NULL),
(889, '6', '16', '3', NULL, NULL, NULL),
(890, '28', '12', '4', NULL, NULL, NULL),
(891, '16', '1', '3', NULL, NULL, NULL),
(892, '43', '10', '2', NULL, NULL, NULL),
(893, '44', '13', '4', NULL, NULL, NULL),
(894, '40', '8', '4', NULL, NULL, NULL),
(895, '18', '18', '1', NULL, NULL, NULL),
(896, '50', '14', '5', NULL, NULL, NULL),
(897, '45', '9', '2', NULL, NULL, NULL),
(898, '42', '27', '3', NULL, NULL, NULL),
(899, '44', '8', '5', NULL, NULL, NULL),
(900, '40', '13', '4', NULL, NULL, NULL),
(901, '15', '1', '1', NULL, NULL, NULL),
(902, '2', '11', '4', NULL, NULL, NULL),
(903, '9', '7', '4', NULL, NULL, NULL),
(904, '44', '13', '4', NULL, NULL, NULL),
(905, '41', '13', '1', NULL, NULL, NULL),
(906, '36', '23', '3', NULL, NULL, NULL),
(907, '6', '15', '5', NULL, NULL, NULL),
(908, '22', '12', '2', NULL, NULL, NULL),
(909, '37', '26', '1', NULL, NULL, NULL),
(910, '35', '9', '2', NULL, NULL, NULL),
(911, '12', '27', '1', NULL, NULL, NULL),
(912, '23', '12', '1', NULL, NULL, NULL),
(913, '45', '1', '2', NULL, NULL, NULL),
(914, '43', '10', '3', NULL, NULL, NULL),
(915, '17', '16', '2', NULL, NULL, NULL),
(916, '13', '19', '3', NULL, NULL, NULL),
(917, '40', '9', '3', NULL, NULL, NULL),
(918, '3', '11', '2', NULL, NULL, NULL),
(919, '30', '23', '3', NULL, NULL, NULL),
(920, '23', '13', '2', NULL, NULL, NULL),
(921, '41', '16', '3', NULL, NULL, NULL),
(922, '39', '21', '2', NULL, NULL, NULL),
(923, '38', '10', '5', NULL, NULL, NULL),
(924, '5', '13', '2', NULL, NULL, NULL),
(925, '38', '19', '2', NULL, NULL, NULL),
(926, '35', '23', '1', NULL, NULL, NULL),
(927, '37', '17', '5', NULL, NULL, NULL),
(928, '46', '22', '3', NULL, NULL, NULL),
(929, '6', '22', '4', NULL, NULL, NULL),
(930, '26', '21', '2', NULL, NULL, NULL),
(931, '6', '12', '5', NULL, NULL, NULL),
(932, '48', '16', '3', NULL, NULL, NULL),
(933, '35', '14', '5', NULL, NULL, NULL),
(934, '29', '4', '4', NULL, NULL, NULL),
(935, '10', '12', '1', NULL, NULL, NULL),
(936, '17', '2', '1', NULL, NULL, NULL),
(937, '44', '9', '3', NULL, NULL, NULL),
(938, '44', '9', '5', NULL, NULL, NULL),
(939, '50', '11', '3', NULL, NULL, NULL),
(940, '39', '21', '4', NULL, NULL, NULL),
(941, '22', '21', '5', NULL, NULL, NULL),
(942, '9', '5', '3', NULL, NULL, NULL),
(943, '21', '9', '3', NULL, NULL, NULL),
(944, '44', '4', '3', NULL, NULL, NULL),
(945, '26', '3', '3', NULL, NULL, NULL),
(946, '10', '26', '1', NULL, NULL, NULL),
(947, '20', '23', '5', NULL, NULL, NULL),
(948, '44', '5', '4', NULL, NULL, NULL),
(949, '18', '6', '1', NULL, NULL, NULL),
(950, '16', '12', '4', NULL, NULL, NULL),
(951, '5', '8', '1', NULL, NULL, NULL),
(952, '24', '18', '2', NULL, NULL, NULL),
(953, '15', '22', '3', NULL, NULL, NULL),
(954, '31', '18', '5', NULL, NULL, NULL),
(955, '46', '18', '2', NULL, NULL, NULL),
(956, '48', '17', '4', NULL, NULL, NULL),
(957, '2', '23', '1', NULL, NULL, NULL),
(958, '47', '9', '5', NULL, NULL, NULL),
(959, '29', '10', '3', NULL, NULL, NULL),
(960, '19', '3', '4', NULL, NULL, NULL),
(961, '39', '18', '2', NULL, NULL, NULL),
(962, '22', '1', '1', NULL, NULL, NULL),
(963, '47', '22', '3', NULL, NULL, NULL),
(964, '19', '12', '5', NULL, NULL, NULL),
(965, '18', '23', '3', NULL, NULL, NULL),
(966, '45', '21', '4', NULL, NULL, NULL),
(967, '30', '20', '3', NULL, NULL, NULL),
(968, '44', '26', '2', NULL, NULL, NULL),
(969, '15', '5', '4', NULL, NULL, NULL),
(970, '1', '18', '3', NULL, NULL, NULL),
(971, '21', '24', '5', NULL, NULL, NULL),
(972, '35', '14', '3', NULL, NULL, NULL),
(973, '6', '12', '4', NULL, NULL, NULL),
(974, '17', '17', '1', NULL, NULL, NULL),
(975, '8', '23', '2', NULL, NULL, NULL),
(976, '47', '11', '5', NULL, NULL, NULL),
(977, '9', '22', '2', NULL, NULL, NULL),
(978, '9', '22', '3', NULL, NULL, NULL),
(979, '38', '13', '4', NULL, NULL, NULL),
(980, '3', '22', '3', NULL, NULL, NULL),
(981, '41', '20', '3', NULL, NULL, NULL),
(982, '40', '14', '3', NULL, NULL, NULL),
(983, '22', '11', '5', NULL, NULL, NULL),
(984, '42', '17', '5', NULL, NULL, NULL),
(985, '1', '20', '3', NULL, NULL, NULL),
(986, '9', '23', '3', NULL, NULL, NULL),
(987, '43', '5', '2', NULL, NULL, NULL),
(988, '4', '15', '1', NULL, NULL, NULL),
(989, '42', '24', '1', NULL, NULL, NULL),
(990, '38', '8', '5', NULL, NULL, NULL),
(991, '7', '24', '5', NULL, NULL, NULL),
(992, '40', '8', '2', NULL, NULL, NULL),
(993, '18', '6', '5', NULL, NULL, NULL),
(994, '26', '14', '5', NULL, NULL, NULL),
(995, '7', '9', '3', NULL, NULL, NULL),
(996, '48', '23', '5', NULL, NULL, NULL),
(997, '42', '12', '5', NULL, NULL, NULL),
(998, '23', '13', '4', NULL, NULL, NULL),
(999, '35', '7', '4', NULL, NULL, NULL),
(1000, '7', '3', '2', NULL, NULL, NULL),
(1001, '9', '14', '1', NULL, NULL, NULL),
(1002, '9', '2', '1', NULL, NULL, NULL),
(1003, '23', '24', '1', NULL, NULL, NULL),
(1004, '21', '8', '2', NULL, NULL, NULL),
(1005, '48', '7', '5', NULL, NULL, NULL),
(1006, '4', '4', '4', NULL, NULL, NULL),
(1007, '38', '14', '4', NULL, NULL, NULL),
(1008, '49', '14', '1', NULL, NULL, NULL),
(1009, '8', '2', '1', NULL, NULL, NULL),
(1010, '31', '27', '3', NULL, NULL, NULL),
(1011, '33', '11', '3', NULL, NULL, NULL),
(1012, '36', '23', '2', NULL, NULL, NULL),
(1013, '9', '10', '5', NULL, NULL, NULL),
(1014, '16', '13', '3', NULL, NULL, NULL),
(1015, '24', '9', '1', NULL, NULL, NULL),
(1016, '47', '18', '4', NULL, NULL, NULL),
(1017, '22', '5', '2', NULL, NULL, NULL),
(1018, '40', '11', '3', NULL, NULL, NULL),
(1019, '2', '18', '5', NULL, NULL, NULL),
(1020, '18', '27', '2', NULL, NULL, NULL),
(1021, '4', '17', '5', NULL, NULL, NULL),
(1022, '22', '21', '5', NULL, NULL, NULL),
(1023, '42', '18', '5', NULL, NULL, NULL),
(1024, '1', '6', '3', NULL, NULL, NULL),
(1025, '47', '7', '2', NULL, NULL, NULL),
(1026, '40', '20', '4', NULL, NULL, NULL),
(1027, '47', '4', '2', NULL, NULL, NULL),
(1028, '24', '11', '1', NULL, NULL, NULL),
(1029, '43', '11', '3', NULL, NULL, NULL),
(1030, '8', '8', '4', NULL, NULL, NULL),
(1031, '10', '2', '4', NULL, NULL, NULL),
(1032, '13', '17', '3', NULL, NULL, NULL),
(1033, '26', '12', '4', NULL, NULL, NULL),
(1034, '11', '7', '1', NULL, NULL, NULL),
(1035, '49', '7', '3', NULL, NULL, NULL),
(1036, '38', '9', '4', NULL, NULL, NULL),
(1037, '48', '2', '3', NULL, NULL, NULL),
(1038, '2', '9', '5', NULL, NULL, NULL),
(1039, '42', '16', '1', NULL, NULL, NULL),
(1040, '11', '18', '2', NULL, NULL, NULL),
(1041, '29', '15', '3', NULL, NULL, NULL),
(1042, '32', '27', '3', NULL, NULL, NULL),
(1043, '42', '5', '4', NULL, NULL, NULL),
(1044, '20', '10', '5', NULL, NULL, NULL),
(1045, '37', '26', '3', NULL, NULL, NULL),
(1046, '2', '25', '3', NULL, NULL, NULL),
(1047, '50', '21', '3', NULL, NULL, NULL),
(1048, '36', '16', '1', NULL, NULL, NULL),
(1049, '50', '12', '5', NULL, NULL, NULL),
(1050, '6', '4', '1', NULL, NULL, NULL),
(1051, '20', '8', '4', NULL, NULL, NULL),
(1052, '1', '18', '5', NULL, NULL, NULL),
(1053, '21', '19', '2', NULL, NULL, NULL),
(1054, '44', '15', '1', NULL, NULL, NULL),
(1055, '20', '2', '5', NULL, NULL, NULL),
(1056, '45', '20', '1', NULL, NULL, NULL),
(1057, '15', '21', '2', NULL, NULL, NULL),
(1058, '42', '15', '5', NULL, NULL, NULL),
(1059, '46', '20', '1', NULL, NULL, NULL),
(1060, '28', '14', '1', NULL, NULL, NULL),
(1061, '33', '13', '2', NULL, NULL, NULL),
(1062, '15', '24', '5', NULL, NULL, NULL),
(1063, '29', '9', '3', NULL, NULL, NULL),
(1064, '32', '6', '5', NULL, NULL, NULL),
(1065, '5', '24', '3', NULL, NULL, NULL),
(1066, '34', '14', '5', NULL, NULL, NULL),
(1067, '49', '26', '4', NULL, NULL, NULL),
(1068, '9', '4', '1', NULL, NULL, NULL),
(1069, '50', '17', '2', NULL, NULL, NULL),
(1070, '38', '12', '2', NULL, NULL, NULL),
(1071, '17', '25', '2', NULL, NULL, NULL),
(1072, '8', '9', '2', NULL, NULL, NULL),
(1073, '13', '5', '4', NULL, NULL, NULL),
(1074, '35', '21', '1', NULL, NULL, NULL);

-- --------------------------------------------------------

--
-- Table structure for table `reviews`
--

CREATE TABLE `reviews` (
  `id` bigint(20) UNSIGNED NOT NULL,
  `product_id` int(11) DEFAULT NULL,
  `review` longtext DEFAULT NULL,
  `created_at` timestamp NULL DEFAULT NULL,
  `updated_at` timestamp NULL DEFAULT NULL
) ENGINE=InnoDB DEFAULT CHARSET=utf8mb4 COLLATE=utf8mb4_unicode_ci;

-- --------------------------------------------------------

--
-- Table structure for table `specifications`
--

CREATE TABLE `specifications` (
  `id` bigint(20) UNSIGNED NOT NULL,
  `product_id` varchar(255) DEFAULT NULL,
  `name` varchar(255) DEFAULT NULL,
  `created_at` timestamp NULL DEFAULT NULL,
  `updated_at` timestamp NULL DEFAULT NULL
) ENGINE=InnoDB DEFAULT CHARSET=utf8mb4 COLLATE=utf8mb4_unicode_ci;

--
-- Dumping data for table `specifications`
--

INSERT INTO `specifications` (`id`, `product_id`, `name`, `created_at`, `updated_at`) VALUES
(3, '4', 'Màn hình', '2024-04-30 06:49:30', '2024-04-30 06:49:30'),
(4, '1', 'Màn hình', '2024-04-30 06:50:54', '2024-04-30 06:50:54'),
(5, '5', 'Màn hình', '2024-05-02 21:06:04', '2024-05-02 21:06:04'),
(6, '6', 'Màn hình', '2024-05-02 21:11:40', '2024-05-02 21:11:40'),
(7, '7', 'Màn hình', '2024-05-02 21:17:09', '2024-05-02 21:17:09'),
(8, '8', 'Màn hình', '2024-05-02 21:21:06', '2024-05-02 21:21:06'),
(9, '9', 'Màn hình', '2024-05-02 21:23:24', '2024-05-02 21:23:24'),
(10, '10', 'Màn hình', '2024-05-03 14:47:48', '2024-05-03 14:47:48'),
(11, '11', 'Màn hình', '2024-05-03 14:48:13', '2024-05-03 14:48:13'),
(12, '12', 'Màn hình', '2024-05-03 14:58:11', '2024-05-03 14:58:11'),
(13, '13', 'Màn hình', '2024-05-03 15:18:20', '2024-05-03 15:18:20'),
(14, '14', 'Màn hình', '2024-05-03 15:21:30', '2024-05-03 15:21:30'),
(15, '15', 'Màn hình', '2024-05-03 15:23:17', '2024-05-03 15:23:17'),
(16, '16', 'Màn hình', '2024-05-03 15:25:07', '2024-05-03 15:25:07'),
(17, '17', 'Màn hình', '2024-05-03 15:28:53', '2024-05-03 15:28:53'),
(18, '18', 'Màn hình', '2024-05-03 15:30:43', '2024-05-03 15:30:43'),
(19, '19', 'Màn hình', '2024-05-03 15:32:14', '2024-05-03 15:32:14'),
(20, '20', 'Màn hình', '2024-05-03 15:33:57', '2024-05-03 15:33:57');

-- --------------------------------------------------------

--
-- Table structure for table `specification_details`
--

CREATE TABLE `specification_details` (
  `id` bigint(20) UNSIGNED NOT NULL,
  `specification_id` varchar(255) DEFAULT NULL,
  `label` varchar(255) DEFAULT NULL,
  `value` varchar(255) DEFAULT NULL,
  `created_at` timestamp NULL DEFAULT NULL,
  `updated_at` timestamp NULL DEFAULT NULL
) ENGINE=InnoDB DEFAULT CHARSET=utf8mb4 COLLATE=utf8mb4_unicode_ci;

--
-- Dumping data for table `specification_details`
--

INSERT INTO `specification_details` (`id`, `specification_id`, `label`, `value`, `created_at`, `updated_at`) VALUES
(3, '3', 'Công nghệ màn hình', 'OLED', '2024-04-30 06:49:30', '2024-04-30 06:49:30'),
(4, '4', 'Công nghệ màn hình', 'OLED', '2024-04-30 06:50:54', '2024-04-30 06:50:54'),
(5, '5', 'Công nghệ màn hình', 'OLED', '2024-05-02 21:06:04', '2024-05-02 21:06:04'),
(6, '6', 'Công nghệ màn hình', 'OLED', '2024-05-02 21:11:40', '2024-05-02 21:11:40'),
(7, '7', 'Công nghệ màn hình', 'OLED', '2024-05-02 21:17:09', '2024-05-02 21:17:09'),
(8, '8', 'Công nghệ màn hình', 'OLED', '2024-05-02 21:21:06', '2024-05-02 21:21:06'),
(9, '9', 'Công nghệ màn hình', 'OLED', '2024-05-02 21:23:24', '2024-05-02 21:23:24'),
(10, '10', 'Công nghệ màn hình', 'OLED', '2024-05-03 14:47:48', '2024-05-03 14:47:48'),
(11, '11', 'Công nghệ màn hình', 'OLED', '2024-05-03 14:48:13', '2024-05-03 14:48:13'),
(12, '12', 'Công nghệ màn hình', 'OLED', '2024-05-03 14:58:11', '2024-05-03 14:58:11'),
(13, '13', 'Công nghệ màn hình', 'OLED', '2024-05-03 15:18:20', '2024-05-03 15:18:20'),
(14, '14', 'Công nghệ màn hình', 'OLED', '2024-05-03 15:21:30', '2024-05-03 15:21:30'),
(15, '15', 'Công nghệ màn hình', 'OLED', '2024-05-03 15:23:17', '2024-05-03 15:23:17'),
(16, '16', 'Công nghệ màn hình', 'OLED', '2024-05-03 15:25:07', '2024-05-03 15:25:07'),
(17, '17', 'Công nghệ màn hình', 'OLED', '2024-05-03 15:28:53', '2024-05-03 15:28:53'),
(18, '18', 'Công nghệ màn hình', 'OLED', '2024-05-03 15:30:43', '2024-05-03 15:30:43'),
(19, '19', 'Công nghệ màn hình', 'OLED', '2024-05-03 15:32:14', '2024-05-03 15:32:14'),
(20, '20', 'Công nghệ màn hình', 'OLED', '2024-05-03 15:33:57', '2024-05-03 15:33:57');

-- --------------------------------------------------------

--
-- Table structure for table `types`
--

CREATE TABLE `types` (
  `id` bigint(20) UNSIGNED NOT NULL,
  `name` varchar(255) DEFAULT NULL,
  `slug` varchar(255) DEFAULT NULL,
  `category_id` varchar(255) DEFAULT NULL,
  `deleted_at` timestamp NULL DEFAULT NULL,
  `created_at` timestamp NULL DEFAULT NULL,
  `updated_at` timestamp NULL DEFAULT NULL
) ENGINE=InnoDB DEFAULT CHARSET=utf8mb4 COLLATE=utf8mb4_unicode_ci;

--
-- Dumping data for table `types`
--

INSERT INTO `types` (`id`, `name`, `slug`, `category_id`, `deleted_at`, `created_at`, `updated_at`) VALUES
(1, 'iPhone 15', 'iphone-15', '1', NULL, '2024-04-17 03:44:05', '2024-04-17 03:44:05'),
(2, 'Iphone 14', 'iphone-14', '1', NULL, '2024-05-02 19:09:29', '2024-05-02 19:09:38'),
(3, 'Iphone 13', 'iphone-13', '1', NULL, '2024-05-02 19:15:52', '2024-05-02 19:15:52'),
(4, 'Mac Pro', 'mac-pro', '1', NULL, '2024-05-02 19:16:10', '2024-05-02 19:16:10'),
(5, 'Mac Air', 'mac-ai', '1', NULL, '2024-05-02 19:16:21', '2024-05-02 19:16:21'),
(6, 'Ipad air M1', 'ipad-air-m1', '1', NULL, '2024-05-02 19:16:45', '2024-05-02 19:16:45'),
(7, 'iPad 9', 'ipad-9', 'none', NULL, '2024-05-02 19:16:56', '2024-05-02 19:16:56'),
(8, 'Samsung Galaxy S23', 'samsung-galaxy-s23', '2', NULL, '2024-05-02 19:19:44', '2024-05-02 19:19:44'),
(11, 'Samsung Galaxy S24', 'samsung-galaxy-s24', '2', NULL, '2024-05-02 19:21:30', '2024-05-02 19:21:30'),
(12, 'Samsung Galaxy Z Flip', 'samsung-galaxy-z-flip', '2', NULL, '2024-05-02 19:21:52', '2024-05-02 19:21:52'),
(13, 'Samsung Galaxy Z Fold', 'samsung-galaxy-z-fold', '2', NULL, '2024-05-02 19:22:42', '2024-05-02 19:22:42'),
(14, 'Xiaomi Redmi 13', 'xiaomi-redmi-13', '3', NULL, '2024-05-02 19:23:45', '2024-05-02 19:23:45'),
(15, 'Xiaomi Redmi 12', 'xiaomi-redmi-12', '3', NULL, '2024-05-02 19:24:01', '2024-05-02 19:24:01'),
(16, 'Xiaomi Redmi A3', 'xiaomi-redmi-a3', '3', NULL, '2024-05-02 19:24:29', '2024-05-02 19:24:29'),
(17, 'Xiaomi 14', 'xiaomi-14', '3', NULL, '2024-05-02 19:24:48', '2024-05-02 19:24:48');

-- --------------------------------------------------------

--
-- Table structure for table `users`
--

CREATE TABLE `users` (
  `id` bigint(20) UNSIGNED NOT NULL,
  `name` varchar(30) DEFAULT NULL,
  `birthday` date DEFAULT NULL,
  `address` varchar(50) DEFAULT NULL,
  `email` varchar(255) NOT NULL,
  `phone` varchar(255) DEFAULT NULL,
  `isAdmin` tinyint(4) NOT NULL DEFAULT 0,
  `password` varchar(255) NOT NULL,
  `confirmation_code` varchar(255) DEFAULT NULL,
  `is_confirmed` tinyint(1) NOT NULL DEFAULT 0,
  `remember_token` varchar(100) DEFAULT NULL,
  `created_at` timestamp NULL DEFAULT NULL,
  `updated_at` timestamp NULL DEFAULT NULL
) ENGINE=InnoDB DEFAULT CHARSET=utf8mb4 COLLATE=utf8mb4_unicode_ci;

--
-- Dumping data for table `users`
--

INSERT INTO `users` (`id`, `name`, `birthday`, `address`, `email`, `phone`, `isAdmin`, `password`, `confirmation_code`, `is_confirmed`, `remember_token`, `created_at`, `updated_at`) VALUES
(1, 'Admin', '1999-01-12', 'Ha Noi', 'admin@gmail.com', '0123456789', 1, '$2y$12$VDgTXVhaJ7NrZMmg9TML3euLuye37BzcPsiihxpwXrJpVqWfKXrl6', NULL, 1, NULL, NULL, NULL),
(2, 'User', '1999-01-01', 'Ha Noi', 'user@gmail.com', '0123456789', 0, '$2y$12$dAm3uZn8iepB6aGP2XHxJuNEiZ6Tg0n1P4AiLBlU2vFAw9ZsNPyCO', NULL, 0, NULL, NULL, NULL),
(3, 'Susi Cholomin', '1998-08-20', NULL, 'scholomin0@wsj.com', '7783420786', 0, '$2a$04$V6mKK5h1RAz3bQ9GIxHemOvtYoSVEPz6TpBjKcV1ProC4RSnLipgS', NULL, 0, NULL, NULL, NULL),
(4, 'Theo Condell', '2003-07-06', NULL, 'tcondell1@usgs.gov', '4048692390', 0, '$2a$04$aWTmS880Hpf.aQalZ6.jkOxyFfXie5j4JHDGw4ZIgCKvehG3wEuFa', NULL, 0, NULL, NULL, NULL),
(5, 'Geri Seabridge', '1995-07-14', NULL, 'gseabridge2@umn.edu', '5976398887', 0, '$2a$04$CxZLZAxvsmaRtf/xjqc2p.oAUgs9I.VQMbvn5hHazAsE41uuDfr9q', NULL, 0, NULL, NULL, NULL),
(6, 'Marven Stansbie', '1996-10-02', NULL, 'mstansbie3@boston.com', '9446487728', 0, '$2a$04$sGpzzuzYxDKcVrfJebL38eKHIDyTLAGhQOLgbNhnEymjsoIELSMZ6', NULL, 0, NULL, NULL, NULL),
(7, 'Frederic Chazette', '2002-06-27', NULL, 'fchazette4@twitpic.com', '7953844647', 0, '$2a$04$59vCiaNLCXoTWAcyqeNQlOvKs1tMbfHTm8bouJpZj4dAJq800P7UW', NULL, 0, NULL, NULL, NULL),
(8, 'Ianthe Andryszczak', '2003-10-14', NULL, 'iandryszczak5@apple.com', '7078924452', 0, '$2a$04$JO1KP74EOfc45ySj4fblYOlgkSCQYO.sK2o1MKQO.oYkn5E5t9Qr6', NULL, 0, NULL, NULL, NULL),
(9, 'Isabelle Guiraud', '1995-08-03', NULL, 'iguiraud6@nasa.gov', '6732344445', 0, '$2a$04$XuJm0Wisf5r1ahLWBh1jE.BWKqhJ.zAd9BSnEU7CohpKTK3XxglG2', NULL, 0, NULL, NULL, NULL),
(10, 'Sharline Porcher', '1996-05-23', NULL, 'sporcher7@mapy.cz', '9918516714', 0, '$2a$04$dmbLybp26LCzIW/gjyqxEOMMmYAXjcakj/s3P3uhgA1iRoocZpCEC', NULL, 0, NULL, NULL, NULL),
(11, 'Zach Hollingshead', '1999-08-22', NULL, 'zhollingshead8@dyndns.org', '1802966136', 0, '$2a$04$4gsuvyCPpjkDI2Sk/UnCpOrXFkpU8eo7kk5yPO6d.UdvAIV0LLXo2', NULL, 0, NULL, NULL, NULL),
(12, 'Rowe Wilcher', '2001-11-18', NULL, 'rwilcher9@auda.org.au', '5978675800', 0, '$2a$04$r8SeCRKrTDPLlHY3540p.e0q6AAES2bRfMf0WVhIpsZWuo3vo8I0O', NULL, 0, NULL, NULL, NULL),
(13, 'Cammie Worpole', '2003-07-17', NULL, 'cworpolea@disqus.com', '5067880612', 0, '$2a$04$KycxIyxed31pDIxmEyy.9uU4JHfDPWcXNHpvzcOX1rzbZcJ13pZg2', NULL, 0, NULL, NULL, NULL),
(14, 'Gael Menghi', '1999-06-17', NULL, 'gmenghib@aboutads.info', '9193101332', 0, '$2a$04$28oj0gyhtI6wVJEMoiwTVOHuCCBxAQJakwT4Zcy4zId05U8ZRbvnK', NULL, 0, NULL, NULL, NULL),
(15, 'Leonid Espada', '1997-06-19', NULL, 'lespadac@shop-pro.jp', '7323938519', 0, '$2a$04$OVdh0sClEb64NwCiYhK9ru1ADStmSOgyIqyq6oQihsqgiRd8X1Kq.', NULL, 0, NULL, NULL, NULL),
(16, 'Jobina Brantl', '2005-03-12', NULL, 'jbrantld@seattletimes.com', '5372155895', 0, '$2a$04$QL9SyOAjOE/XTnaZcrncduDyPNySsD37DmGuG9Sp0TKTezgvhpfw.', NULL, 0, NULL, NULL, NULL),
(17, 'Linnea Ayars', '2005-10-18', NULL, 'layarse@businessinsider.com', '4392139536', 0, '$2a$04$rMxI55iLbpN25XgGreUPMu09TfFLwel.phMvu8mfooxfUBDzZhjdG', NULL, 0, NULL, NULL, NULL),
(18, 'Adan Veel', '1999-10-30', NULL, 'aveelf@purevolume.com', '9218116179', 0, '$2a$04$d4stm4ZkQ081js3GUcJ/RuKf6KPF.56dSenYcW7Y57JPkANeU9vC2', NULL, 0, NULL, NULL, NULL),
(19, 'Gearalt Dodds', '1995-04-17', NULL, 'gdoddsg@goodreads.com', '7822977066', 0, '$2a$04$GS7dRPBpSv91u24MC4B1.eL9GlpKCjzybquCOHvjDWgC3vhaZD8Ta', NULL, 0, NULL, NULL, NULL),
(20, 'Bartram Gillett', '1996-01-13', NULL, 'bgilletth@dot.gov', '6076107815', 0, '$2a$04$DStn/sl962HzJEK3q4nnCulwBoGfOjdXKpCub0zIXuvsvqamReCui', NULL, 0, NULL, NULL, NULL),
(21, 'Olia Heaphy', '2004-01-12', NULL, 'oheaphyi@hugedomains.com', '7651652828', 0, '$2a$04$tVxpnkJaiMwzeZRGtYdrHecs4jQ5dRiKnIQlWQTy2ByRMH7ipTPAG', NULL, 0, NULL, NULL, NULL),
(22, 'Ephrem Warn', '2002-09-27', NULL, 'ewarnj@desdev.cn', '8302948827', 0, '$2a$04$UA2Qe2lXaNKW49dfKD0h0OIDR6U2pSRjaSGt4jO/Itb.YX/3/W8Xu', NULL, 0, NULL, NULL, NULL),
(23, 'Noam Figliovanni', '1997-11-16', NULL, 'nfigliovannik@smh.com.au', '5302681805', 0, '$2a$04$ysP0re7U0J3j1argF.e2ku6z3RtFgcTFbh3kCsawJoUplp9It6BQu', NULL, 0, NULL, NULL, NULL),
(24, 'Elonore Godney', '1995-11-27', NULL, 'egodneyl@cnn.com', '2622676545', 0, '$2a$04$kJkBqkcW8T78SLRcvuq/E.B8GcSxuf/EjOsHR.rVGVJPpVVOjeoqK', NULL, 0, NULL, NULL, NULL),
(25, 'L;urette Haighton', '1999-10-19', NULL, 'lhaightonm@a8.net', '2815123515', 0, '$2a$04$EffRyEPEl9hGJzk1P.qtg.SHj7N.LFa.2zYxbMyHhEWDEk3UMYvSa', NULL, 0, NULL, NULL, NULL),
(26, 'Jakie Demonge', '1998-06-04', NULL, 'jdemongen@wiley.com', '1619636990', 0, '$2a$04$1staIIBRxOtCZ433u4vF.OgMeFxyJxxOmd7oriRev7ZPxp6..Eoja', NULL, 0, NULL, NULL, NULL),
(27, 'Merissa Hunnawill', '2003-07-27', NULL, 'mhunnawillo@mail.ru', '3885668618', 0, '$2a$04$e2.1iRod/brUuBMCF2jBSenJsidh6JbSMy8Nk8za1UJAWG9IiW4mu', NULL, 0, NULL, NULL, NULL),
(28, 'Vivien Fairfull', '2001-01-23', NULL, 'vfairfullp@cyberchimps.com', '2878306950', 0, '$2a$04$Ahl5OUDleHzR1QWAnOEyp.hJEWES0z1frxsqb.9yQ1GsVjkOZZ2q2', NULL, 0, NULL, NULL, NULL),
(29, 'Jolyn Baack', '1997-03-08', NULL, 'jbaackq@ihg.com', '1894943318', 0, '$2a$04$ORvhsAgG9HMEWAVy5HB9Ber7gKdxkB.MqHkwcGmeOAWlGY5bCKkFa', NULL, 0, NULL, NULL, NULL),
(30, 'Jody Biffen', '1998-04-26', NULL, 'jbiffenr@fda.gov', '6841931283', 0, '$2a$04$vjaqXDoQ.9w30u6UZzR0A.LMOvXaqYOADNvWuGdpdKJy2a3DAW56e', NULL, 0, NULL, NULL, NULL),
(31, 'Crawford Threader', '1997-12-31', NULL, 'cthreaders@examiner.com', '2284111543', 0, '$2a$04$G/BBv/agPAv.e5hLydGatOtHd.1xOQDLAjmYJv8gUBy0py3TpG.dK', NULL, 0, NULL, NULL, NULL),
(32, 'Raymund Latimer', '1997-10-25', NULL, 'rlatimert@timesonline.co.uk', '3775890913', 0, '$2a$04$eXSUKEWKwSZ12qhbBXqYzOxS4WRXco//qy7DIlKT.ACgL0rahRZHa', NULL, 0, NULL, NULL, NULL),
(33, 'Catina Banner', '2005-10-17', NULL, 'cbanneru@networksolutions.com', '8898914435', 0, '$2a$04$ZSOpKk.TlrfG8GeLSxOXpOcEjQvrCcWg0i.auXmGPxmd04sCc5nd.', NULL, 0, NULL, NULL, NULL),
(34, 'Flossi Pittendreigh', '2004-03-27', NULL, 'fpittendreighv@google.co.jp', '5341471991', 0, '$2a$04$ojxdobWdgI2wb02CvqQhxOzDrytxNTz6rGZCo2A9o4Ji2S2cMgyEa', NULL, 0, NULL, NULL, NULL),
(35, 'Mitch Sinnat', '1995-10-22', NULL, 'msinnatw@craigslist.org', '1249439770', 0, '$2a$04$T6u8UNeVMEiRss/pu3/0ou32DdZpz2gIE.ab79fP1QP6K0MCoVMeq', NULL, 0, NULL, NULL, NULL),
(36, 'Eryn Luchelli', '1999-01-21', NULL, 'eluchellix@multiply.com', '8693717768', 0, '$2a$04$NoOYIFG5qBz76Z37ZPvewea36IxHBvaISfiIMm2v6IAPpywt3Zyka', NULL, 0, NULL, NULL, NULL),
(37, 'Gertruda Tertre', '2000-03-20', NULL, 'gtertrey@mozilla.com', '5683435139', 0, '$2a$04$9xvzOlVOdgMy99D3mIWFCu/BBben5R93aLWH42biz1gcipfFmyTMi', NULL, 0, NULL, NULL, NULL),
(38, 'Rip Temperley', '1996-07-02', NULL, 'rtemperleyz@spiegel.de', '2019343096', 0, '$2a$04$S4x09.zBjbIVAvjA3sKQX.TCo5FdkkWnI0joHXcnXfD9/JgDFqbEW', NULL, 0, NULL, NULL, NULL),
(39, 'Ysabel Petticrow', '1995-08-09', NULL, 'ypetticrow10@google.ru', '9214555878', 0, '$2a$04$SCHt..cH.j0jSz.SclmhRuqcKbwrsna9L9GvY6BteFF8Mwjg.3a6C', NULL, 0, NULL, NULL, NULL),
(40, 'Keri Duffitt', '1997-04-18', NULL, 'kduffitt11@usgs.gov', '1002286865', 0, '$2a$04$Iz8ZH0NfmEx4Yy9OA/7EK.5dnyxH9o.ZNI5zCsXt/wMxugdHX32s6', NULL, 0, NULL, NULL, NULL),
(41, 'Kearney Kienl', '1995-12-16', NULL, 'kkienl12@xinhuanet.com', '3897066419', 0, '$2a$04$0n3jeQPbVYUNnTaEWU5kLejInAbZiFJjdeFoQ1HxtnTOT7C81jeJG', NULL, 0, NULL, NULL, NULL),
(42, 'Reinold Armall', '2005-04-09', NULL, 'rarmall13@sohu.com', '6121332152', 0, '$2a$04$oLOn4fgM1dUxIET732TqBOPey/PLVOOGXngQ6dSKNEUCjMWtx8Dqm', NULL, 0, NULL, NULL, NULL),
(43, 'Nealson Casely', '2000-06-03', NULL, 'ncasely14@bing.com', '3328410897', 0, '$2a$04$6DBK2rW3OAEjhocupsSe6.dnq8e5WcXx6cN0FllYr7R7IQu5KQyqm', NULL, 0, NULL, NULL, NULL),
(44, 'Royall Kyrkeman', '1995-05-19', NULL, 'rkyrkeman15@imgur.com', '1066206206', 0, '$2a$04$5DA7kE8mXQ6gpmf/nb0hP.MIdjKXKxfzL7ihLgsYEQnSHBSQVZD1e', NULL, 0, NULL, NULL, NULL),
(45, 'Caril Pether', '2002-01-06', NULL, 'cpether16@blinklist.com', '5647112567', 0, '$2a$04$44w/UVXa1KNIx63wVjqxueDNWAEegJNDP.eDZraljbatKcEOl8QgO', NULL, 0, NULL, NULL, NULL),
(46, 'Ezequiel Stealy', '2003-07-26', NULL, 'estealy17@unicef.org', '5345252375', 0, '$2a$04$vYXfCBCiX8jEAx2CLCK/cOsQ8ma/cLPdcNJN6JiANk/nZ69kSz67C', NULL, 0, NULL, NULL, NULL),
(47, 'Olympe Cluet', '2005-12-25', NULL, 'ocluet18@chronoengine.com', '8302243598', 0, '$2a$04$D6JoEII4qSmH8NdeliXawe.RpOs0DV1Kj78FzdirDamu7mNVshYOa', NULL, 0, NULL, NULL, NULL),
(48, 'Sarina Peyto', '2000-01-01', NULL, 'speyto19@stumbleupon.com', '8545703439', 0, '$2a$04$anjyCobC85uPFGQnSBn.OOlvXOtrNbsEu5YgR2zSt4eDd7RFjtlVm', NULL, 0, NULL, NULL, NULL),
(49, 'Sandie Humberstone', '2000-06-05', NULL, 'shumberstone1a@tiny.cc', '5378146996', 0, '$2a$04$xikyhf35IEz326jjKeJ3mOwGpQ/DPP7sptWTkNOam3dlMOG9UIEL6', NULL, 0, NULL, NULL, NULL),
(50, 'Maxy MacEnelly', '2003-04-24', NULL, 'mmacenelly1b@t-online.de', '4039513720', 0, '$2a$04$QLe7yKvWAF2c6NMwL7mhNOJAk/r7Y8INoolbqT5wQ/sp3ES1J0E3u', NULL, 0, NULL, NULL, NULL),
(51, 'Filbert D\'Errico', '1997-03-30', NULL, 'fderrico1c@columbia.edu', '3186651661', 0, '$2a$04$pBIka0JukipC/qwBEnm9kuchaFp5SBb1y/n7XQtqTMWkI0Q0CCEp2', NULL, 0, NULL, NULL, NULL),
(52, 'Devon Jurn', '1998-12-10', NULL, 'djurn1d@dion.ne.jp', '2805555051', 0, '$2a$04$FgUcsjEI9Xo1MOFj/8GOUeblCSTFKyngm82wi.i5c1jkuQ15ZrsMi', NULL, 0, NULL, NULL, NULL),
(53, 'Thái Văn Cường', NULL, NULL, 'khanguyen10011996@gmail.com', NULL, 0, '$2y$12$YcNz86FZzizVdYmg.mxjo.6R8Pq3BG0pfwtaF/RwqCjTa8eNtevmm', NULL, 0, NULL, '2024-05-03 16:51:26', '2024-05-03 16:51:26');

--
-- Indexes for dumped tables
--

--
-- Indexes for table `atributes`
--
ALTER TABLE `atributes`
  ADD PRIMARY KEY (`id`);

--
-- Indexes for table `carts`
--
ALTER TABLE `carts`
  ADD PRIMARY KEY (`id`);

--
-- Indexes for table `categories`
--
ALTER TABLE `categories`
  ADD PRIMARY KEY (`id`);

--
-- Indexes for table `colors`
--
ALTER TABLE `colors`
  ADD PRIMARY KEY (`id`);

--
-- Indexes for table `descriptions`
--
ALTER TABLE `descriptions`
  ADD PRIMARY KEY (`id`);

--
-- Indexes for table `failed_jobs`
--
ALTER TABLE `failed_jobs`
  ADD PRIMARY KEY (`id`),
  ADD UNIQUE KEY `failed_jobs_uuid_unique` (`uuid`);

--
-- Indexes for table `images`
--
ALTER TABLE `images`
  ADD PRIMARY KEY (`id`);

--
-- Indexes for table `migrations`
--
ALTER TABLE `migrations`
  ADD PRIMARY KEY (`id`);

--
-- Indexes for table `orders`
--
ALTER TABLE `orders`
  ADD PRIMARY KEY (`id`);

--
-- Indexes for table `password_resets`
--
ALTER TABLE `password_resets`
  ADD KEY `password_resets_email_index` (`email`);

--
-- Indexes for table `password_reset_tokens`
--
ALTER TABLE `password_reset_tokens`
  ADD PRIMARY KEY (`email`);

--
-- Indexes for table `personal_access_tokens`
--
ALTER TABLE `personal_access_tokens`
  ADD PRIMARY KEY (`id`),
  ADD UNIQUE KEY `personal_access_tokens_token_unique` (`token`),
  ADD KEY `personal_access_tokens_tokenable_type_tokenable_id_index` (`tokenable_type`,`tokenable_id`);

--
-- Indexes for table `products`
--
ALTER TABLE `products`
  ADD PRIMARY KEY (`id`);

--
-- Indexes for table `product_types`
--
ALTER TABLE `product_types`
  ADD PRIMARY KEY (`id`);

--
-- Indexes for table `rates`
--
ALTER TABLE `rates`
  ADD PRIMARY KEY (`id`);

--
-- Indexes for table `reviews`
--
ALTER TABLE `reviews`
  ADD PRIMARY KEY (`id`);

--
-- Indexes for table `specifications`
--
ALTER TABLE `specifications`
  ADD PRIMARY KEY (`id`);

--
-- Indexes for table `specification_details`
--
ALTER TABLE `specification_details`
  ADD PRIMARY KEY (`id`);

--
-- Indexes for table `types`
--
ALTER TABLE `types`
  ADD PRIMARY KEY (`id`);

--
-- Indexes for table `users`
--
ALTER TABLE `users`
  ADD PRIMARY KEY (`id`),
  ADD UNIQUE KEY `users_email_unique` (`email`);

--
-- AUTO_INCREMENT for dumped tables
--

--
-- AUTO_INCREMENT for table `atributes`
--
ALTER TABLE `atributes`
  MODIFY `id` bigint(20) UNSIGNED NOT NULL AUTO_INCREMENT, AUTO_INCREMENT=42;

--
-- AUTO_INCREMENT for table `carts`
--
ALTER TABLE `carts`
  MODIFY `id` bigint(20) UNSIGNED NOT NULL AUTO_INCREMENT, AUTO_INCREMENT=505;

--
-- AUTO_INCREMENT for table `categories`
--
ALTER TABLE `categories`
  MODIFY `id` bigint(20) UNSIGNED NOT NULL AUTO_INCREMENT, AUTO_INCREMENT=7;

--
-- AUTO_INCREMENT for table `colors`
--
ALTER TABLE `colors`
  MODIFY `id` bigint(20) UNSIGNED NOT NULL AUTO_INCREMENT, AUTO_INCREMENT=25;

--
-- AUTO_INCREMENT for table `descriptions`
--
ALTER TABLE `descriptions`
  MODIFY `id` bigint(20) UNSIGNED NOT NULL AUTO_INCREMENT, AUTO_INCREMENT=23;

--
-- AUTO_INCREMENT for table `failed_jobs`
--
ALTER TABLE `failed_jobs`
  MODIFY `id` bigint(20) UNSIGNED NOT NULL AUTO_INCREMENT;

--
-- AUTO_INCREMENT for table `images`
--
ALTER TABLE `images`
  MODIFY `id` bigint(20) UNSIGNED NOT NULL AUTO_INCREMENT, AUTO_INCREMENT=228;

--
-- AUTO_INCREMENT for table `migrations`
--
ALTER TABLE `migrations`
  MODIFY `id` int(10) UNSIGNED NOT NULL AUTO_INCREMENT, AUTO_INCREMENT=31;

--
-- AUTO_INCREMENT for table `orders`
--
ALTER TABLE `orders`
  MODIFY `id` bigint(20) UNSIGNED NOT NULL AUTO_INCREMENT, AUTO_INCREMENT=203;

--
-- AUTO_INCREMENT for table `personal_access_tokens`
--
ALTER TABLE `personal_access_tokens`
  MODIFY `id` bigint(20) UNSIGNED NOT NULL AUTO_INCREMENT;

--
-- AUTO_INCREMENT for table `products`
--
ALTER TABLE `products`
  MODIFY `id` bigint(20) UNSIGNED NOT NULL AUTO_INCREMENT, AUTO_INCREMENT=21;

--
-- AUTO_INCREMENT for table `product_types`
--
ALTER TABLE `product_types`
  MODIFY `id` bigint(20) UNSIGNED NOT NULL AUTO_INCREMENT, AUTO_INCREMENT=28;

--
-- AUTO_INCREMENT for table `rates`
--
ALTER TABLE `rates`
  MODIFY `id` bigint(20) UNSIGNED NOT NULL AUTO_INCREMENT, AUTO_INCREMENT=1075;

--
-- AUTO_INCREMENT for table `reviews`
--
ALTER TABLE `reviews`
  MODIFY `id` bigint(20) UNSIGNED NOT NULL AUTO_INCREMENT;

--
-- AUTO_INCREMENT for table `specifications`
--
ALTER TABLE `specifications`
  MODIFY `id` bigint(20) UNSIGNED NOT NULL AUTO_INCREMENT, AUTO_INCREMENT=21;

--
-- AUTO_INCREMENT for table `specification_details`
--
ALTER TABLE `specification_details`
  MODIFY `id` bigint(20) UNSIGNED NOT NULL AUTO_INCREMENT, AUTO_INCREMENT=21;

--
-- AUTO_INCREMENT for table `types`
--
ALTER TABLE `types`
  MODIFY `id` bigint(20) UNSIGNED NOT NULL AUTO_INCREMENT, AUTO_INCREMENT=18;

--
-- AUTO_INCREMENT for table `users`
--
ALTER TABLE `users`
  MODIFY `id` bigint(20) UNSIGNED NOT NULL AUTO_INCREMENT, AUTO_INCREMENT=54;
COMMIT;

/*!40101 SET CHARACTER_SET_CLIENT=@OLD_CHARACTER_SET_CLIENT */;
/*!40101 SET CHARACTER_SET_RESULTS=@OLD_CHARACTER_SET_RESULTS */;
/*!40101 SET COLLATION_CONNECTION=@OLD_COLLATION_CONNECTION */;
